-- --------------------------------------------------------
-- Host:                         127.0.0.1
-- Server version:               8.0.31 - MySQL Community Server - GPL
-- Server OS:                    Win64
-- HeidiSQL Version:             12.4.0.6659
-- --------------------------------------------------------

/*!40101 SET @OLD_CHARACTER_SET_CLIENT=@@CHARACTER_SET_CLIENT */;
/*!40101 SET NAMES utf8 */;
/*!50503 SET NAMES utf8mb4 */;
/*!40103 SET @OLD_TIME_ZONE=@@TIME_ZONE */;
/*!40103 SET TIME_ZONE='+00:00' */;
/*!40014 SET @OLD_FOREIGN_KEY_CHECKS=@@FOREIGN_KEY_CHECKS, FOREIGN_KEY_CHECKS=0 */;
/*!40101 SET @OLD_SQL_MODE=@@SQL_MODE, SQL_MODE='NO_AUTO_VALUE_ON_ZERO' */;
/*!40111 SET @OLD_SQL_NOTES=@@SQL_NOTES, SQL_NOTES=0 */;


-- Dumping database structure for viec_lam_vn
CREATE DATABASE IF NOT EXISTS `viec_lam_vn` /*!40100 DEFAULT CHARACTER SET utf8mb4 COLLATE utf8mb4_unicode_ci */ /*!80016 DEFAULT ENCRYPTION='N' */;
USE `viec_lam_vn`;

-- Dumping structure for table viec_lam_vn.actions
CREATE TABLE IF NOT EXISTS `actions` (
  `id` int NOT NULL AUTO_INCREMENT,
  `user_id` int DEFAULT '0',
  `name_action` varchar(50) COLLATE utf8mb4_unicode_ci DEFAULT NULL,
  `note_action` longtext COLLATE utf8mb4_unicode_ci,
  `start_action_date` varchar(50) COLLATE utf8mb4_unicode_ci DEFAULT NULL,
  `end_action_date` varchar(50) COLLATE utf8mb4_unicode_ci DEFAULT NULL,
  `created_at` timestamp NULL DEFAULT NULL,
  `updated_at` timestamp NULL DEFAULT NULL ON UPDATE CURRENT_TIMESTAMP,
  PRIMARY KEY (`id`)
) ENGINE=MyISAM AUTO_INCREMENT=17 DEFAULT CHARSET=utf8mb4 COLLATE=utf8mb4_unicode_ci;

-- Dumping data for table viec_lam_vn.actions: 4 rows
DELETE FROM `actions`;
/*!40000 ALTER TABLE `actions` DISABLE KEYS */;
INSERT INTO `actions` (`id`, `user_id`, `name_action`, `note_action`, `start_action_date`, `end_action_date`, `created_at`, `updated_at`) VALUES
	(2, 8, 'Hiến máu tình nguyện', 'Lorem ipsum dolor sit amet consectetur, adipisicing elit. Veniam, molestiae nostrum aperiam dignissimos deleniti accusantium!', '2023-07-20', '2023-07-24', '2023-07-21 15:42:07', '2023-07-22 04:31:13'),
	(11, 8, 'Trồng cây', 'Lorem ipsum dolor sit amet consectetur, adipisicing elit. Veniam, molestiae nostrum aperiam dignissimos deleniti accusantium!', '2023-08-11', '2023-08-13', '2023-08-01 16:43:50', '2023-08-01 16:43:50'),
	(7, 6, 'Hien mau tinh nguyen', 'Lorem Ipsum is a placeholder text commonly used in the printing and typesetting industry. It has no meaningful content and is used as a temporary filler when designing or laying out documents, websites, or other visual media. The purpose of Lorem Ipsum is to demonstrate ', '2023-02-10', '2023-07-29', '2023-07-31 08:39:33', '2023-07-31 08:39:33'),
	(8, 6, 'Trồng cây', 'Lorem Ipsum is a placeholder text commonly used in the printing and typesetting industry. It has no meaningful content and is used as a temporary filler when designing or laying out documents, websites, or other visual media. The purpose of Lorem Ipsum is to demonstrate ', '2023-06-29', '2023-07-29', '2023-07-31 08:40:47', '2023-07-31 08:40:47');
/*!40000 ALTER TABLE `actions` ENABLE KEYS */;

-- Dumping structure for table viec_lam_vn.additional_information
CREATE TABLE IF NOT EXISTS `additional_information` (
  `id` int NOT NULL AUTO_INCREMENT,
  `user_id` int NOT NULL DEFAULT '0',
  `additional_information` varchar(255) COLLATE utf8mb4_unicode_ci DEFAULT NULL,
  `created_at` timestamp NULL DEFAULT NULL,
  `updated_at` timestamp NULL DEFAULT NULL ON UPDATE CURRENT_TIMESTAMP,
  PRIMARY KEY (`id`)
) ENGINE=MyISAM AUTO_INCREMENT=10 DEFAULT CHARSET=utf8mb4 COLLATE=utf8mb4_unicode_ci;

-- Dumping data for table viec_lam_vn.additional_information: 4 rows
DELETE FROM `additional_information`;
/*!40000 ALTER TABLE `additional_information` DISABLE KEYS */;
INSERT INTO `additional_information` (`id`, `user_id`, `additional_information`, `created_at`, `updated_at`) VALUES
	(8, 8, 'Lorem ipsum dolor sit amet consectetur, adipisicing elit. Veniam, molestiae nostrum aperiam dignissimos deleniti accusantium!', '2023-07-31 14:38:59', '2023-07-31 14:38:59'),
	(9, 8, 'Lorem ipsum dolor sit amet consectetur, adipisicing elit. Veniam, molestiae nostrum aperiam dignissimos deleniti accusantium!', '2023-07-31 14:39:03', '2023-07-31 14:39:03'),
	(4, 6, 'Lorem Ipsum is a placeholder text commonly used in the printing and typesetting industry. It has no meaningful content and is used as a temporary filler when designing or laying out documents, websites, or other visual media. The purpose of Lorem Ipsum is', '2023-07-31 08:39:46', '2023-07-31 08:39:46'),
	(5, 6, 'Lorem Ipsum is a placeholder text commonly used in the printing and typesetting industry. It has no meaningful content and is used as a temporary filler when designing or laying out documents, websites, or other visual media. The purpose of Lorem Ipsum is', '2023-07-31 08:39:50', '2023-07-31 08:39:50');
/*!40000 ALTER TABLE `additional_information` ENABLE KEYS */;

-- Dumping structure for table viec_lam_vn.alert_job
CREATE TABLE IF NOT EXISTS `alert_job` (
  `id` int NOT NULL AUTO_INCREMENT,
  `job_id` int DEFAULT '0',
  `user_id` int DEFAULT '0',
  `employer` int DEFAULT '0',
  `hidden` tinyint DEFAULT '0',
  `created_at` timestamp NULL DEFAULT NULL,
  `updated_at` timestamp NULL DEFAULT NULL ON UPDATE CURRENT_TIMESTAMP,
  PRIMARY KEY (`id`)
) ENGINE=MyISAM AUTO_INCREMENT=8 DEFAULT CHARSET=utf8mb4 COLLATE=utf8mb4_unicode_ci;

-- Dumping data for table viec_lam_vn.alert_job: 7 rows
DELETE FROM `alert_job`;
/*!40000 ALTER TABLE `alert_job` DISABLE KEYS */;
INSERT INTO `alert_job` (`id`, `job_id`, `user_id`, `employer`, `hidden`, `created_at`, `updated_at`) VALUES
	(1, 94, 1, 1, 0, '2023-07-30 07:53:53', '2023-07-31 05:13:34'),
	(2, 1, 1, 0, 0, '2023-07-31 04:17:24', '2023-07-31 05:10:08'),
	(3, 92, 1, 1, 0, '2023-07-31 04:18:36', '2023-07-31 08:18:07'),
	(4, 92, 8, 1, 0, '2023-07-31 04:40:50', '2023-07-31 05:13:36'),
	(5, 94, 6, 1, 0, '2023-07-31 08:41:09', '2023-07-31 08:41:09'),
	(6, 94, 8, 1, 0, '2023-07-31 13:48:19', '2023-07-31 13:48:19'),
	(7, 36, 8, 0, 0, '2023-08-02 05:05:47', '2023-08-02 05:05:47');
/*!40000 ALTER TABLE `alert_job` ENABLE KEYS */;

-- Dumping structure for table viec_lam_vn.categories
CREATE TABLE IF NOT EXISTS `categories` (
  `id` int NOT NULL AUTO_INCREMENT,
  `name` varchar(255) CHARACTER SET utf8mb4 COLLATE utf8mb4_unicode_ci DEFAULT NULL,
  `parent_id` int DEFAULT '0',
  `created_at` timestamp NULL DEFAULT NULL,
  `updated_at` timestamp NULL DEFAULT NULL ON UPDATE CURRENT_TIMESTAMP,
  PRIMARY KEY (`id`)
) ENGINE=MyISAM AUTO_INCREMENT=42 DEFAULT CHARSET=utf8mb4 COLLATE=utf8mb4_unicode_ci;

-- Dumping data for table viec_lam_vn.categories: 24 rows
DELETE FROM `categories`;
/*!40000 ALTER TABLE `categories` DISABLE KEYS */;
INSERT INTO `categories` (`id`, `name`, `parent_id`, `created_at`, `updated_at`) VALUES
	(2, 'Accounting / Finance', 0, '2023-06-29 16:20:01', '2023-06-29 16:20:02'),
	(3, 'Automotive Jobs', 0, '2023-06-29 16:20:01', '2023-06-29 16:20:01'),
	(4, 'Construction / Facilities', 0, '2023-06-29 16:20:00', '2023-06-29 16:20:01'),
	(5, 'Design, Art & Multimedia', 0, '2023-06-29 16:19:59', '2023-06-29 16:20:00'),
	(6, 'Adobe Photoshop', 5, '2023-06-29 16:19:59', '2023-06-29 16:19:59'),
	(7, 'Animation', 5, '2023-06-29 16:19:58', '2023-06-29 16:19:59'),
	(8, 'Design', 5, '2023-06-29 16:19:57', '2023-06-29 16:19:58'),
	(9, 'Graphic Design', 5, '2023-06-29 16:19:56', '2023-06-29 16:19:56'),
	(10, 'Illustration', 5, '2023-06-29 16:19:56', '2023-06-29 16:19:57'),
	(11, 'Logo Design', 5, '2023-06-29 16:19:54', '2023-06-29 16:19:54'),
	(12, 'Video', 5, '2023-06-29 16:19:53', '2023-06-29 16:19:53'),
	(13, 'Education Training', 0, '2023-06-29 16:19:54', '2023-06-29 16:19:54'),
	(14, 'Healthcare', 0, '2023-06-29 16:19:52', '2023-06-29 16:19:52'),
	(15, 'Restaurant / Food Service', 0, '2023-06-29 16:19:52', '2023-06-29 16:19:52'),
	(16, 'Sales & Marketing', 0, '2023-06-29 16:19:51', '2023-06-29 16:19:51'),
	(17, 'Display Advertising', 16, '2023-06-29 16:19:51', '2023-06-29 16:19:51'),
	(18, 'Email Marketing', 16, '2023-06-29 16:19:50', '2023-06-29 16:19:50'),
	(19, 'Lead Generation', 16, '2023-06-29 16:19:48', '2023-06-29 16:19:49'),
	(20, 'Market & Customer Research', 16, '2023-06-29 16:19:49', '2023-06-29 16:19:50'),
	(21, 'Marketing Strategy', 16, '2023-06-29 16:19:48', '2023-06-29 16:19:48'),
	(22, 'Public Relations', 16, '2023-06-29 16:19:47', '2023-06-29 16:21:16'),
	(23, 'Telecommunications', 0, '2023-06-29 16:19:46', '2023-06-29 16:19:47'),
	(25, 'Transportation / Logistics', 0, '2023-06-29 16:19:45', '2023-06-29 16:19:46'),
	(40, ' Logistics', 0, '2023-06-29 17:29:32', '2023-07-01 09:17:25');
/*!40000 ALTER TABLE `categories` ENABLE KEYS */;

-- Dumping structure for table viec_lam_vn.chat
CREATE TABLE IF NOT EXISTS `chat` (
  `id` int NOT NULL AUTO_INCREMENT,
  `job_id` int DEFAULT '0',
  `candidate_id` int DEFAULT '0',
  `employer_id` int DEFAULT '0',
  `created_at` timestamp NULL DEFAULT NULL,
  `updated_at` timestamp NULL DEFAULT NULL ON UPDATE CURRENT_TIMESTAMP,
  PRIMARY KEY (`id`)
) ENGINE=MyISAM AUTO_INCREMENT=2 DEFAULT CHARSET=utf8mb4 COLLATE=utf8mb4_unicode_ci;

-- Dumping data for table viec_lam_vn.chat: 1 rows
DELETE FROM `chat`;
/*!40000 ALTER TABLE `chat` DISABLE KEYS */;
INSERT INTO `chat` (`id`, `job_id`, `candidate_id`, `employer_id`, `created_at`, `updated_at`) VALUES
	(1, 94, 8, 1, '2023-08-04 10:21:55', '2023-08-04 10:21:55');
/*!40000 ALTER TABLE `chat` ENABLE KEYS */;

-- Dumping structure for table viec_lam_vn.city
CREATE TABLE IF NOT EXISTS `city` (
  `id` int NOT NULL AUTO_INCREMENT,
  `city_name` varchar(255) COLLATE utf8mb4_unicode_ci DEFAULT NULL,
  `created_at` timestamp NULL DEFAULT NULL,
  `updated_at` timestamp NULL DEFAULT NULL ON UPDATE CURRENT_TIMESTAMP,
  PRIMARY KEY (`id`)
) ENGINE=MyISAM AUTO_INCREMENT=11 DEFAULT CHARSET=utf8mb4 COLLATE=utf8mb4_unicode_ci;

-- Dumping data for table viec_lam_vn.city: 5 rows
DELETE FROM `city`;
/*!40000 ALTER TABLE `city` DISABLE KEYS */;
INSERT INTO `city` (`id`, `city_name`, `created_at`, `updated_at`) VALUES
	(1, 'Đắk Lắk', '2023-06-30 10:12:14', '2023-07-08 03:03:49'),
	(2, 'Vinh', '2023-06-30 10:19:59', '2023-07-08 03:03:33'),
	(3, 'Đà Nẵng', '2023-06-30 10:23:04', '2023-07-08 03:03:15'),
	(4, 'Hồ Chí Minh', '2023-06-30 10:30:40', '2023-06-30 11:10:24'),
	(5, 'Hà Nội', '2023-06-30 10:35:33', '2023-06-30 11:10:13');
/*!40000 ALTER TABLE `city` ENABLE KEYS */;

-- Dumping structure for table viec_lam_vn.company
CREATE TABLE IF NOT EXISTS `company` (
  `id` int NOT NULL AUTO_INCREMENT,
  `user_id` int NOT NULL DEFAULT '0',
  `category_id` int NOT NULL DEFAULT '0',
  `name` varchar(255) COLLATE utf8mb4_unicode_ci DEFAULT NULL,
  `contact_web` varchar(255) COLLATE utf8mb4_unicode_ci DEFAULT NULL,
  `contact_email` varchar(255) COLLATE utf8mb4_unicode_ci DEFAULT NULL,
  `contact_phone` varchar(255) COLLATE utf8mb4_unicode_ci DEFAULT NULL,
  `contact_fb` varchar(255) COLLATE utf8mb4_unicode_ci DEFAULT NULL,
  `contact_tw` varchar(255) COLLATE utf8mb4_unicode_ci DEFAULT NULL,
  `images` varchar(255) CHARACTER SET utf8mb4 COLLATE utf8mb4_unicode_ci DEFAULT NULL,
  `company_tagline` varchar(255) COLLATE utf8mb4_unicode_ci DEFAULT NULL,
  `company_headquarters` varchar(255) COLLATE utf8mb4_unicode_ci DEFAULT NULL,
  `company_average_salary` varchar(255) COLLATE utf8mb4_unicode_ci DEFAULT NULL,
  `company_size` varchar(255) COLLATE utf8mb4_unicode_ci DEFAULT NULL,
  `company_revenue` varchar(255) COLLATE utf8mb4_unicode_ci DEFAULT NULL,
  `description` longtext CHARACTER SET utf8mb4 COLLATE utf8mb4_unicode_ci,
  `content` longtext CHARACTER SET utf8mb4 COLLATE utf8mb4_unicode_ci,
  `status` tinyint DEFAULT '0',
  `created_at` timestamp NULL DEFAULT NULL,
  `updated_at` timestamp NULL DEFAULT NULL ON UPDATE CURRENT_TIMESTAMP,
  PRIMARY KEY (`id`)
) ENGINE=MyISAM AUTO_INCREMENT=10 DEFAULT CHARSET=utf8mb4 COLLATE=utf8mb4_unicode_ci;

-- Dumping data for table viec_lam_vn.company: 6 rows
DELETE FROM `company`;
/*!40000 ALTER TABLE `company` DISABLE KEYS */;
INSERT INTO `company` (`id`, `user_id`, `category_id`, `name`, `contact_web`, `contact_email`, `contact_phone`, `contact_fb`, `contact_tw`, `images`, `company_tagline`, `company_headquarters`, `company_average_salary`, `company_size`, `company_revenue`, `description`, `content`, `status`, `created_at`, `updated_at`) VALUES
	(1, 0, 0, 'Telimed', 'https://www.w3schools.com/php/phptryit.asp?filename=tryphp_date1', ' telimed@example.com', '0123456789', 'https://www.facebook.com/', 'https://twitter.com/', '/images/company-logo-06-150x150.png', NULL, NULL, NULL, NULL, NULL, 'Improving Lives Together', 'Offer strategic and technical health and nutrition advice to headquarters and field staff, as well as training and coaching Telimed field health and nutrition staff in emergency (acute and chronic) as well as transitional programming.  Assist in strengthe', NULL, '2023-06-30 10:14:55', '2023-06-30 13:19:32'),
	(2, 0, 0, 'Coffee Corral', 'https://www.w3schools.com/php/phptryit.asp?filename=tryphp_date1', ' telimed@example.com', '0123456789', 'https://www.facebook.com/', 'https://twitter.com/', '/images/company-logo-02-1-150x150.png', NULL, NULL, NULL, NULL, NULL, 'The Social Media & PR Executive will be responsible for increasing hotel marketing communication across a variety of social media platforms to engage the audience in relevant conversations and coordinate all public relations activities.', 'As part of the continued drive for excellence, the University is seeking an experienced commercial contracting professional, to form part of the finance division senior team within this unique environment.', NULL, '2023-06-30 10:19:39', '2023-07-23 15:53:06'),
	(3, 0, 0, 'Moore & Kavinsky', 'https://www.w3schools.com/php/phptryit.asp?filename=tryphp_date1', ' telimed@example.com', '0123456789', 'https://www.facebook.com/', 'https://twitter.com/', '/images/placeholder.png', NULL, NULL, NULL, NULL, NULL, 'The Heavy Equipment / Grader Operator  is responsible for operating one or several types of power construction equipment, such as front end loader, roller, bulldozer, or excavator in order to move, excavate, and grade earth, erect structures, or pour conc', '<p>Maecenas sit amet elementum est. Vivamus eget ornare neque. Mauris pretium libero felis. Curabitur pharetra ornare magna, porttitor dignissim metus venenatis vel. Suspendisse ex purus, ultricies ac mattis vel, venenatis ac felis. Vivamus id libero eu arcu iaculis ultricies quis in lectus. Integer lorem felis, lacinia ac ipsum vel, accumsan convallis metus. Quisque tempor turpis id tortor viverra suscipit. Ut turpis orci, scelerisque vel urna at, accumsan tincidunt ante. Curabitur vulputate metus et sapien aliquam, ut placerat lectus bibendum. Maecenas at scelerisque erat, in aliquet lorem. Nulla rhoncus arcu nec orci elementum, in hendrerit felis bibendum. Suspendisse tempor condimentum enim rutrum posuere. Suspendisse potenti. Proin sem velit, rhoncus ac sem non, tristique pharetra lorem. Aenean tempus diam ornare erat consequat laoreet. Sed quis es</p>', NULL, '2023-06-30 10:24:20', '2023-07-23 15:53:11'),
	(4, 0, 0, 'Cubico', 'https://www.w3schools.com/php/phptryit.asp?filename=tryphp_date1', ' telimed@example.com', '0123456789', 'https://www.facebook.com/', 'https://twitter.com/', '/images/placeholder.png', NULL, NULL, NULL, NULL, NULL, 'Always dedicated and devoted', 'As part of the continued drive for excellence, the University is seeking an experienced commercial contracting professional, to form part of the finance division senior team within this unique environment.', NULL, '2023-06-30 10:31:59', '2023-06-30 13:19:34'),
	(5, 0, 0, 'Tech Bits', 'https://www.w3schools.com/php/phptryit.asp?filename=tryphp_date1', ' telimed@example.com', '0123456789', 'https://www.facebook.com/', 'https://twitter.com/', '/images/company-logo-01-2-150x150.png', NULL, NULL, NULL, NULL, NULL, 'Lead the way to a brighter Life', 'A Bachelor’s degree from an accredited college or university with a major in telecommunications, computer science, electrical engineering or closely related field', NULL, '2023-06-30 10:35:14', '2023-06-30 13:19:37'),
	(9, 1, 23, 'GooGle', 'google.com', 'google@gmail.com', '0123456789', 'facebook.com', 'twitter.com', '/images/gg_company.png', 'Lớn nhất thế giới ok', 'New York', '5', '5', '5', 'Lorem ipsum dolor sit amet consectetur, adipisicing elit. Veniam, molestiae nostrum aperiam dignissimos deleniti accusantium! Lorem ipsum dolor sit amet consectetur, adipisicing elit. Veniam, molestiae nostrum aperiam dignissimos deleniti accusantium! Lorem ipsum dolor sit amet consectetur, adipisicing elit. Veniam, molestiae nostrum aperiam dignissimos deleniti accusantium!\r\n\r\n\r\nLorem ipsum dolor sit amet consectetur, adipisicing elit. Veniam, molestiae nostrum aperiam dignissimos deleniti accusantium! Lorem ipsum dolor sit amet consectetur, adipisicing elit. Veniam, molestiae nostrum aperiam dignissimos deleniti accusantium! Lorem ipsum dolor sit amet consectetur, adipisicing elit. Veniam, molestiae nostrum aperiam dignissimos deleniti accusantium!', '<p>Lorem ipsum dolor sit amet consectetur, adipisicing elit. Veniam, molestiae nostrum aperiam dignissimos deleniti accusantium! Lorem ipsum dolor sit amet consectetur, adipisicing elit. Veniam, molestiae nostrum aperiam dignissimos deleniti accusantium! Lorem ipsum dolor sit amet consectetur, adipisicing elit. Veniam, molestiae nostrum aperiam dignissimos deleniti accusantium!</p><p>Lorem ipsum dolor sit amet consectetur, adipisicing elit. Veniam, molestiae nostrum aperiam dignissimos deleniti accusantium! Lorem ipsum dolor sit amet consectetur, adipisicing elit. Veniam, molestiae nostrum aperiam dignissimos deleniti accusantium! Lorem ipsum dolor sit amet consectetur, adipisicing elit. Veniam, molestiae nostrum aperiam dignissimos deleniti accusantium!</p><p>Lorem ipsum dolor sit amet consectetur, adipisicing elit. Veniam, molestiae nostrum aperiam dignissimos deleniti accusantium! Lorem ipsum dolor sit amet consectetur, adipisicing elit. Veniam, molestiae nostrum aperiam dignissimos deleniti accusantium! Lorem ipsum dolor sit amet consectetur, adipisicing elit. Veniam, molestiae nostrum aperiam dignissimos deleniti accusantium!</p><p>Lorem ipsum dolor sit amet consectetur, adipisicing elit. Veniam, molestiae nostrum aperiam dignissimos deleniti accusantium! Lorem ipsum dolor sit amet consectetur, adipisicing elit. Veniam, molestiae nostrum aperiam dignissimos deleniti accusantium! Lorem ipsum dolor sit amet consectetur, adipisicing elit. Veniam, molestiae nostrum aperiam dignissimos deleniti accusantium!<br></p>', 0, '2023-07-24 07:47:57', '2023-08-01 10:04:03');
/*!40000 ALTER TABLE `company` ENABLE KEYS */;

-- Dumping structure for table viec_lam_vn.contact
CREATE TABLE IF NOT EXISTS `contact` (
  `id` int NOT NULL AUTO_INCREMENT,
  `user_name` varchar(255) COLLATE utf8mb4_unicode_ci DEFAULT NULL,
  `user_email` varchar(255) COLLATE utf8mb4_unicode_ci DEFAULT NULL,
  `user_content` varchar(255) COLLATE utf8mb4_unicode_ci DEFAULT NULL,
  `watched` tinyint DEFAULT '0',
  `created_at` timestamp NULL DEFAULT NULL,
  `updated_at` timestamp NULL DEFAULT NULL ON UPDATE CURRENT_TIMESTAMP,
  PRIMARY KEY (`id`)
) ENGINE=MyISAM AUTO_INCREMENT=9 DEFAULT CHARSET=utf8mb4 COLLATE=utf8mb4_unicode_ci;

-- Dumping data for table viec_lam_vn.contact: 8 rows
DELETE FROM `contact`;
/*!40000 ALTER TABLE `contact` DISABLE KEYS */;
INSERT INTO `contact` (`id`, `user_name`, `user_email`, `user_content`, `watched`, `created_at`, `updated_at`) VALUES
	(1, 'Lê Huy Hiệu', 'lehuyhieu.dev.fontend@gmail.com', 'xin chào', 0, '2023-07-08 14:26:37', '2023-07-08 18:49:37'),
	(2, 'Lê Huy Hiệu', 'lehuyhieupro06182@gmail.com', 'hello', 0, '2023-07-08 14:27:43', '2023-07-08 18:49:37'),
	(3, '1', 'lehuyhieupro06182@gmail.com', 'hello', 0, '2023-07-08 14:45:47', '2023-07-08 18:49:37'),
	(4, 'Lê Huy Hiệu', 'lehuyhieu.dev.fontend@gmail.com', '1', 0, '2023-07-08 14:47:39', '2023-07-08 18:49:37'),
	(5, 'Lê Huy Hiệu', 'lehuyhieupro06182@gmail.com', 'hello', 1, '2023-07-08 14:56:57', '2023-07-19 15:23:31'),
	(6, 'hello word', 'lehuyhieu.dev.fontend@gmail.com', '123', 1, '2023-07-08 14:57:38', '2023-07-08 18:50:07'),
	(7, 'Lê Huy Hiệu', 'lehuyhieupro06182@gmail.com', '11', 1, '2023-07-08 14:58:45', '2023-07-08 18:50:00'),
	(8, '1111', '34234234@gmail.com', '123123', 0, '2023-07-09 10:45:46', '2023-07-09 10:45:46');
/*!40000 ALTER TABLE `contact` ENABLE KEYS */;

-- Dumping structure for table viec_lam_vn.education
CREATE TABLE IF NOT EXISTS `education` (
  `id` int NOT NULL AUTO_INCREMENT,
  `user_id` int NOT NULL DEFAULT '0',
  `education_school` varchar(50) COLLATE utf8mb4_unicode_ci DEFAULT NULL,
  `education_level` varchar(50) COLLATE utf8mb4_unicode_ci DEFAULT NULL,
  `start_education_date` varchar(50) CHARACTER SET utf8mb4 COLLATE utf8mb4_unicode_ci DEFAULT NULL,
  `end_education_date` varchar(50) COLLATE utf8mb4_unicode_ci DEFAULT NULL,
  `education_note` longtext COLLATE utf8mb4_unicode_ci,
  `created_at` timestamp NULL DEFAULT NULL,
  `updated_at` timestamp NULL DEFAULT NULL ON UPDATE CURRENT_TIMESTAMP,
  PRIMARY KEY (`id`)
) ENGINE=MyISAM AUTO_INCREMENT=12 DEFAULT CHARSET=utf8mb4 COLLATE=utf8mb4_unicode_ci;

-- Dumping data for table viec_lam_vn.education: 5 rows
DELETE FROM `education`;
/*!40000 ALTER TABLE `education` DISABLE KEYS */;
INSERT INTO `education` (`id`, `user_id`, `education_school`, `education_level`, `start_education_date`, `end_education_date`, `education_note`, `created_at`, `updated_at`) VALUES
	(1, 1, 'itc', 'cao đẳng', '2017-08-16', '2019-06-16', NULL, '2023-07-16 06:10:46', '2023-07-16 06:10:46'),
	(2, 1, 'Hung Vuong', 'THPT', '2023-07-25', '2026-10-16', NULL, '2023-07-16 06:12:47', '2023-07-16 15:37:20'),
	(8, 8, 'Công Nghệ Thông Tin Thành Phó Hồ Chí Minh', 'Chuyên Nghành Công Nghệ Thông Tin', '2023-07-06', '2023-07-26', 'Lorem ipsum dolor sit amet consectetur, adipisicing elit. Veniam, molestiae nostrum aperiam dignissimos deleniti accusantium!', '2023-07-19 08:38:37', '2023-07-20 14:30:30'),
	(9, 8, 'Cao Đẳng ITC', 'Kinh Tế Học', '2023-07-28', '2023-07-20', 'Lorem ipsum dolor sit amet consectetur, adipisicing elit. Veniam, molestiae nostrum aperiam dignissimos deleniti accusantium!', '2023-07-19 08:38:47', '2023-07-20 14:31:40'),
	(11, 6, 'Cao Đẳng ITC', 'cao đẳng', '2022-10-06', '2024-01-04', 'Lorem Ipsum is a placeholder text commonly used in the printing and typesetting industry. It has no meaningful content and is used as a temporary ', '2023-07-31 08:39:16', '2023-07-31 08:39:16');
/*!40000 ALTER TABLE `education` ENABLE KEYS */;

-- Dumping structure for table viec_lam_vn.experience
CREATE TABLE IF NOT EXISTS `experience` (
  `id` int NOT NULL AUTO_INCREMENT,
  `user_id` int DEFAULT '0',
  `experience_employer` varchar(50) CHARACTER SET utf8mb4 COLLATE utf8mb4_unicode_ci DEFAULT NULL,
  `experience_job` varchar(50) CHARACTER SET utf8mb4 COLLATE utf8mb4_unicode_ci DEFAULT NULL,
  `start_experience_date` varchar(50) CHARACTER SET utf8mb4 COLLATE utf8mb4_unicode_ci DEFAULT NULL,
  `end_experience_date` varchar(50) COLLATE utf8mb4_unicode_ci DEFAULT NULL,
  `experience_note` longtext CHARACTER SET utf8mb4 COLLATE utf8mb4_unicode_ci,
  `created_at` timestamp NULL DEFAULT NULL,
  `updated_at` timestamp NULL DEFAULT NULL ON UPDATE CURRENT_TIMESTAMP,
  PRIMARY KEY (`id`)
) ENGINE=MyISAM AUTO_INCREMENT=18 DEFAULT CHARSET=utf8mb4 COLLATE=utf8mb4_unicode_ci;

-- Dumping data for table viec_lam_vn.experience: 4 rows
DELETE FROM `experience`;
/*!40000 ALTER TABLE `experience` DISABLE KEYS */;
INSERT INTO `experience` (`id`, `user_id`, `experience_employer`, `experience_job`, `start_experience_date`, `end_experience_date`, `experience_note`, `created_at`, `updated_at`) VALUES
	(17, 9, '1212', '1212', '0022-12-21', '12121-02-12', '1212', '2023-08-03 10:44:46', '2023-08-03 10:44:46'),
	(11, 8, 'ITC', 'front end', '2022-08-25', '2022-08-25', '', '2023-07-19 08:22:15', '2023-07-31 13:37:53'),
	(15, 6, 'Facebook', 'front end', '2022-07-01', '2024-04-12', 'Lorem Ipsum is a placeholder text commonly used in the printing and typesetting industry. It has no meaningful content and is used as a temporary filler when designing or laying out documents, websites, or other visual media. The purpose of Lorem Ipsum is to demonstrate ', '2023-07-31 08:38:45', '2023-07-31 08:38:45'),
	(16, 8, 'Google', 'back end', '2023-02-03', '2028-02-05', 'Lorem ipsum dolor sit amet consectetur, adipisicing elit. Veniam, molestiae nostrum aperiam dignissimos deleniti accusantium!', '2023-08-01 16:41:51', '2023-08-01 16:41:51');
/*!40000 ALTER TABLE `experience` ENABLE KEYS */;

-- Dumping structure for table viec_lam_vn.interest
CREATE TABLE IF NOT EXISTS `interest` (
  `id` int NOT NULL AUTO_INCREMENT,
  `user_id` int DEFAULT '0',
  `interest` longtext COLLATE utf8mb4_unicode_ci,
  `created_at` timestamp NULL DEFAULT NULL,
  `updated_at` timestamp NULL DEFAULT NULL ON UPDATE CURRENT_TIMESTAMP,
  PRIMARY KEY (`id`)
) ENGINE=MyISAM AUTO_INCREMENT=10 DEFAULT CHARSET=utf8mb4 COLLATE=utf8mb4_unicode_ci;

-- Dumping data for table viec_lam_vn.interest: 5 rows
DELETE FROM `interest`;
/*!40000 ALTER TABLE `interest` DISABLE KEYS */;
INSERT INTO `interest` (`id`, `user_id`, `interest`, `created_at`, `updated_at`) VALUES
	(4, 8, 'Du lịch', '2023-07-22 09:46:20', '2023-07-22 09:46:20'),
	(5, 8, 'Nghe Nhạc', '2023-07-22 09:46:35', '2023-07-22 09:46:35'),
	(7, 6, 'Du lịch', '2023-07-31 08:39:59', '2023-07-31 08:39:59'),
	(8, 6, 'Nghe Nhạc', '2023-07-31 08:40:03', '2023-07-31 08:40:03'),
	(9, 6, 'Chơi game', '2023-07-31 08:40:13', '2023-07-31 08:40:13');
/*!40000 ALTER TABLE `interest` ENABLE KEYS */;

-- Dumping structure for table viec_lam_vn.jobs
CREATE TABLE IF NOT EXISTS `jobs` (
  `id` int NOT NULL AUTO_INCREMENT,
  `user_id` int NOT NULL DEFAULT '0',
  `category_id` int DEFAULT '0',
  `company_id` int DEFAULT '0',
  `city_id` int DEFAULT '0',
  `title` varchar(255) CHARACTER SET utf8mb4 COLLATE utf8mb4_unicode_ci DEFAULT NULL,
  `description` text CHARACTER SET utf8mb4 COLLATE utf8mb4_unicode_ci,
  `content` text COLLATE utf8mb4_unicode_ci,
  `images` varchar(255) COLLATE utf8mb4_unicode_ci DEFAULT NULL,
  `salary_from` varchar(255) CHARACTER SET utf8mb4 COLLATE utf8mb4_unicode_ci DEFAULT NULL,
  `salary_to` varchar(255) COLLATE utf8mb4_unicode_ci DEFAULT NULL,
  `full_time` tinyint DEFAULT '0',
  `internship` tinyint DEFAULT '0',
  `temporary` tinyint DEFAULT '0',
  `freelance` tinyint DEFAULT '0',
  `part_time` tinyint DEFAULT '0',
  `expiration_date` date DEFAULT NULL,
  `is_public` tinyint DEFAULT '0',
  `bookmark` tinyint DEFAULT '0',
  `bookmark_note` longtext COLLATE utf8mb4_unicode_ci,
  `created_at` timestamp NULL DEFAULT NULL,
  `updated_at` timestamp NULL DEFAULT NULL ON UPDATE CURRENT_TIMESTAMP,
  PRIMARY KEY (`id`)
) ENGINE=MyISAM AUTO_INCREMENT=95 DEFAULT CHARSET=utf8mb4 COLLATE=utf8mb4_unicode_ci;

-- Dumping data for table viec_lam_vn.jobs: 79 rows
DELETE FROM `jobs`;
/*!40000 ALTER TABLE `jobs` DISABLE KEYS */;
INSERT INTO `jobs` (`id`, `user_id`, `category_id`, `company_id`, `city_id`, `title`, `description`, `content`, `images`, `salary_from`, `salary_to`, `full_time`, `internship`, `temporary`, `freelance`, `part_time`, `expiration_date`, `is_public`, `bookmark`, `bookmark_note`, `created_at`, `updated_at`) VALUES
	(1, 0, 14, 1, 1, 'Senior Health And Nutrition Advisor', 'Provide technical health advice to Head of Country Programmes and field advisors at all key stages of the project management cycle including needs assessment, technical strategy and design, implementation as well as sector specific monitoring and evaluation. This includes travel to field programmes as well as review of proposals, key reports and surveys prior to external submission.\r\nStay abreast of current best practice. Research and stay informed on academic and technical health and nutrition issues, techniques, and guidelines to inform and improve programming.', 'Assist in developing internal training materials and resources and providing training to staff at appropriate venues, including but not limited to the ROC, HQ Briefing, HQ Inductions and online sessions', '/images/company-logo-06-150x150.png', '30000', '35000', 1, 0, 0, 0, 0, '2024-03-30', 1, 1, 'hello', '2023-06-30 10:11:26', '2023-07-31 11:52:03'),
	(2, 0, 20, 2, 2, 'Social Media And Public Relation Executive', 'To oversee and manage social media accounts (twitter, facebook, linkedin, instagram,  Google and other social media channels in accordance with the hotel standards.\r\nThe candidate will be primarily responsible for developing& executing strategies to promote the hotel across Social Media Networks with various Social Media Marketing tools provided in a global environment.\r\nTo run high priority social creative campaigns, media engagement and third parties as required and ensuring that all work is aligned with brand marketing plans and campaigns.\r\n​To be responsible for reflecting the style and tone of voice across social media marketing and ensure that content and conversations match audience needs.\r\nContent creation, assimilation & distribution on Social Media Networks in appropriate situations.\r\nTo advise and participate in the development and delivery of a social media strategy for hotel products & services.\r\nConceptualize and execute social media campaigns, contest etc…\r\nTo source content and supply the copy and images for the blog, based on content required for email, website and social media campaigns.\r\nTo create assets (images, gifs, video) that can be used across the social media channels in line with marketing priorities.', 'To oversee and manage social media accounts (twitter, facebook, linkedin, instagram,  Google and other social media channels in accordance with the hotel standards.\r\nThe candidate will be primarily responsible for developing& executing strategies to promote the hotel across Social Media Networks with various Social Media Marketing tools provided in a global environment.\r\nTo run high priority social creative campaigns, media engagement and third parties as required and ensuring that all work is aligned with brand marketing plans and campaigns.\r\n​To be responsible for reflecting the style and tone of voice across social media marketing and ensure that content and conversations match audience needs.\r\nContent creation, assimilation & distribution on Social Media Networks in appropriate situations.\r\nTo advise and participate in the development and delivery of a social media strategy for hotel products & services.\r\nConceptualize and execute social media campaigns, contest etc…\r\nTo source content and supply the copy and images for the blog, based on content required for email, website and social media campaigns.\r\nTo create assets (images, gifs, video) that can be used across the social media channels in line with marketing priorities.', '/images/company-logo-02-1-150x150.png', '15000', '15000', 0, 1, 0, 1, 0, '2024-03-30', 1, 0, NULL, '2023-06-30 10:22:31', '2023-07-07 17:00:03'),
	(3, 0, 4, 3, 3, 'Grader Operator', 'Take action to avoid potential hazards and obstructions, such as utility lines, other equipment, other workers, and falling objects.\r\nStart engines, move throttles, switches, and levers, and depress pedals to operate such stated machines\r\nAlign machines with reference stakes and guidelines or ground or position equipment, following hand signals of other workers.\r\nLoad and move dirt, rocks, equipment, and materials, using trucks, crawler tractors, shovels, graders, or related equipment.\r\nCoordinate machine actions with other activities, positioning or moving loads in response to hand or audio signals from crew members', 'Must have minimum of 3 years experience running, maneuvering, driving, and navigating equipment such as bulldozer, excavators, rollers, and front-end loaders.\r\nStrongly prefer candidates with High School Diploma\r\nMust be able to communicate with others to convey information effectively.\r\nMust be accustomed to working outdoors with exposure to all weather conditions\r\nMust be able to perform physical activities that require considerable use of your arms and legs and moving your whole body, such as climbing, lifting, balancing, walking, stooping, and handling of materials\r\nMust be knowledgeable of safety procedures and practices', '/images/placeholder.png', '30000', '38000', 0, 1, 0, 0, 0, '2024-05-04', 1, 0, NULL, '2023-06-30 10:26:26', '2023-06-30 10:26:26'),
	(4, 0, 2, 4, 4, 'Head Of Commercial Contracts', 'Develop a strategic plan for the team at the outset to drive performance improvement and change;\r\nOffer expert insight into commercial contracts across the business, including the management of a wide variety of categories;\r\nSupport the contracting process for services delivered to external organisations;\r\nDevelop compliance and governance arrangements to minimize risk;\r\nDevelop contracting systems to ensure robust processes across the organisation;', 'This crucial role will be working closely with the Executive team as a key appointment, cementing their position as a leading Sussex business. You will play a vital role in supporting the future-proofing of the organisation, delivering value-for-money, strong long-term relationships and nullified risk.', '/images/placeholder.png', '20000', '30000', 1, 0, 0, 0, 0, '2023-12-21', 1, 0, NULL, '2023-06-30 10:33:38', '2023-06-30 10:33:38'),
	(5, 0, 5, 5, 5, 'Telecommunication Systems Engineer ', 'Two-Way Radio and Broadband Wireless Communications Systems, including P25 Land Mobile Radio (LMR) System and 4G LTE systems.\r\nIP based large scale network deployments, integration, operations and support.\r\nVoice (including voice messaging), video, and data communications systems, performance capabilities, and evaluative techniques used to determine telephone, video, and data communications service requirements.\r\nTrends and current developments in the wireless communications field, including methods, procedures, systems, and equipment.\r\nRules, codes, regulations, and laws applicable to the wireless telecommunications sector.\r\nRate structures and billing procedures of communications common carriers.\r\nReport preparation.', 'Design, plan, and specify a Wireless Communications System.\r\nPlan, coordinate, and track complex projects.\r\nCommunicate effectively orally and in writing.\r\nOperate a personal computer.', '/images/company-logo-01-2-150x150.png', '30000', '35000', 1, 0, 0, 0, 0, '2022-12-08', 0, 0, NULL, '2023-06-30 10:37:15', '2023-06-30 12:59:10'),
	(7, 0, 6, 1, 1, 'Senior Health And Nutrition Advisor', 'Provide technical health advice to Head of Country Programmes and field advisors at all key stages of the project management cycle including needs assessment, technical strategy and design, implementation as well as sector specific monitoring and evaluation. This includes travel to field programmes as well as review of proposals, key reports and surveys prior to external submission.\r\nStay abreast of current best practice. Research and stay informed on academic and technical health and nutrition issues, techniques, and guidelines to inform and improve programming.', 'Assist in developing internal training materials and resources and providing training to staff at appropriate venues, including but not limited to the ROC, HQ Briefing, HQ Inductions and online sessions', '/images/company-logo-06-150x150.png', '30000', '35000', 1, 0, 0, 0, 0, '2024-03-30', 1, 0, NULL, '2023-06-30 10:11:26', '2023-07-01 12:58:20'),
	(8, 0, 6, 1, 1, 'Senior Health And Nutrition Advisor', 'Provide technical health advice to Head of Country Programmes and field advisors at all key stages of the project management cycle including needs assessment, technical strategy and design, implementation as well as sector specific monitoring and evaluation. This includes travel to field programmes as well as review of proposals, key reports and surveys prior to external submission.\r\nStay abreast of current best practice. Research and stay informed on academic and technical health and nutrition issues, techniques, and guidelines to inform and improve programming.', 'Assist in developing internal training materials and resources and providing training to staff at appropriate venues, including but not limited to the ROC, HQ Briefing, HQ Inductions and online sessions', '/images/company-logo-06-150x150.png', '30000', '35000', 1, 0, 0, 1, 0, '2024-03-30', 1, 0, NULL, '2023-06-30 10:11:26', '2023-07-07 17:00:08'),
	(9, 0, 14, 1, 1, 'Senior Health And Nutrition Advisor', 'Provide technical health advice to Head of Country Programmes and field advisors at all key stages of the project management cycle including needs assessment, technical strategy and design, implementation as well as sector specific monitoring and evaluation. This includes travel to field programmes as well as review of proposals, key reports and surveys prior to external submission.\r\nStay abreast of current best practice. Research and stay informed on academic and technical health and nutrition issues, techniques, and guidelines to inform and improve programming.', 'Assist in developing internal training materials and resources and providing training to staff at appropriate venues, including but not limited to the ROC, HQ Briefing, HQ Inductions and online sessions', '/images/company-logo-06-150x150.png', '30000', '35000', 1, 0, 0, 1, 1, '2024-03-30', 1, 0, NULL, '2023-06-30 10:11:26', '2023-07-07 17:00:11'),
	(10, 0, 1, 1, 1, 'Senior Health And Nutrition Advisor', 'Provide technical health advice to Head of Country Programmes and field advisors at all key stages of the project management cycle including needs assessment, technical strategy and design, implementation as well as sector specific monitoring and evaluation. This includes travel to field programmes as well as review of proposals, key reports and surveys prior to external submission.\r\nStay abreast of current best practice. Research and stay informed on academic and technical health and nutrition issues, techniques, and guidelines to inform and improve programming.', 'Assist in developing internal training materials and resources and providing training to staff at appropriate venues, including but not limited to the ROC, HQ Briefing, HQ Inductions and online sessions', '/images/company-logo-06-150x150.png', '30000', '35000', 1, 0, 0, 0, 0, '2024-03-30', 1, 0, NULL, '2023-06-30 10:11:26', '2023-07-01 12:57:59'),
	(11, 0, 1, 1, 1, 'Senior Health And Nutrition Advisor', 'Provide technical health advice to Head of Country Programmes and field advisors at all key stages of the project management cycle including needs assessment, technical strategy and design, implementation as well as sector specific monitoring and evaluation. This includes travel to field programmes as well as review of proposals, key reports and surveys prior to external submission.\r\nStay abreast of current best practice. Research and stay informed on academic and technical health and nutrition issues, techniques, and guidelines to inform and improve programming.', 'Assist in developing internal training materials and resources and providing training to staff at appropriate venues, including but not limited to the ROC, HQ Briefing, HQ Inductions and online sessions', '/images/company-logo-06-150x150.png', '30000', '35000', 1, 0, 0, 0, 0, '2024-03-30', 1, 0, NULL, '2023-06-30 10:11:26', '2023-07-01 12:58:02'),
	(12, 0, 14, 1, 1, 'Senior Health And Nutrition Advisor', 'Provide technical health advice to Head of Country Programmes and field advisors at all key stages of the project management cycle including needs assessment, technical strategy and design, implementation as well as sector specific monitoring and evaluation. This includes travel to field programmes as well as review of proposals, key reports and surveys prior to external submission.\r\nStay abreast of current best practice. Research and stay informed on academic and technical health and nutrition issues, techniques, and guidelines to inform and improve programming.', 'Assist in developing internal training materials and resources and providing training to staff at appropriate venues, including but not limited to the ROC, HQ Briefing, HQ Inductions and online sessions', '/images/company-logo-06-150x150.png', '30000', '35000', 1, 0, 0, 0, 0, '2024-03-30', 1, 0, NULL, '2023-06-30 10:11:26', '2023-06-30 10:15:24'),
	(13, 0, 3, 1, 1, 'Senior Health And Nutrition Advisor', 'Provide technical health advice to Head of Country Programmes and field advisors at all key stages of the project management cycle including needs assessment, technical strategy and design, implementation as well as sector specific monitoring and evaluation. This includes travel to field programmes as well as review of proposals, key reports and surveys prior to external submission.\r\nStay abreast of current best practice. Research and stay informed on academic and technical health and nutrition issues, techniques, and guidelines to inform and improve programming.', 'Assist in developing internal training materials and resources and providing training to staff at appropriate venues, including but not limited to the ROC, HQ Briefing, HQ Inductions and online sessions', '/images/company-logo-06-150x150.png', '30000', '35000', 1, 0, 0, 0, 0, '2024-03-30', 1, 0, NULL, '2023-06-30 10:11:26', '2023-07-01 12:58:09'),
	(46, 0, 4, 3, 3, 'Grader Operator', 'Take action to avoid potential hazards and obstructions, such as utility lines, other equipment, other workers, and falling objects.\r\nStart engines, move throttles, switches, and levers, and depress pedals to operate such stated machines\r\nAlign machines with reference stakes and guidelines or ground or position equipment, following hand signals of other workers.\r\nLoad and move dirt, rocks, equipment, and materials, using trucks, crawler tractors, shovels, graders, or related equipment.\r\nCoordinate machine actions with other activities, positioning or moving loads in response to hand or audio signals from crew members', 'Must have minimum of 3 years experience running, maneuvering, driving, and navigating equipment such as bulldozer, excavators, rollers, and front-end loaders.\r\nStrongly prefer candidates with High School Diploma\r\nMust be able to communicate with others to convey information effectively.\r\nMust be accustomed to working outdoors with exposure to all weather conditions\r\nMust be able to perform physical activities that require considerable use of your arms and legs and moving your whole body, such as climbing, lifting, balancing, walking, stooping, and handling of materials\r\nMust be knowledgeable of safety procedures and practices', '/images/placeholder.png', '30000', '38000', 0, 1, 0, 0, 0, '2024-05-04', 1, 0, NULL, '2023-06-30 10:26:26', '2023-06-30 10:26:26'),
	(47, 0, 4, 3, 3, 'Grader Operator', 'Take action to avoid potential hazards and obstructions, such as utility lines, other equipment, other workers, and falling objects.\r\nStart engines, move throttles, switches, and levers, and depress pedals to operate such stated machines\r\nAlign machines with reference stakes and guidelines or ground or position equipment, following hand signals of other workers.\r\nLoad and move dirt, rocks, equipment, and materials, using trucks, crawler tractors, shovels, graders, or related equipment.\r\nCoordinate machine actions with other activities, positioning or moving loads in response to hand or audio signals from crew members', 'Must have minimum of 3 years experience running, maneuvering, driving, and navigating equipment such as bulldozer, excavators, rollers, and front-end loaders.\r\nStrongly prefer candidates with High School Diploma\r\nMust be able to communicate with others to convey information effectively.\r\nMust be accustomed to working outdoors with exposure to all weather conditions\r\nMust be able to perform physical activities that require considerable use of your arms and legs and moving your whole body, such as climbing, lifting, balancing, walking, stooping, and handling of materials\r\nMust be knowledgeable of safety procedures and practices', '/images/placeholder.png', '30000', '38000', 0, 1, 0, 0, 0, '2024-05-04', 1, 0, NULL, '2023-06-30 10:26:26', '2023-06-30 10:26:26'),
	(45, 0, 21, 2, 2, 'Social Media And Public Relation Executive', 'To oversee and manage social media accounts (twitter, facebook, linkedin, instagram,  Google and other social media channels in accordance with the hotel standards.\r\nThe candidate will be primarily responsible for developing& executing strategies to promote the hotel across Social Media Networks with various Social Media Marketing tools provided in a global environment.\r\nTo run high priority social creative campaigns, media engagement and third parties as required and ensuring that all work is aligned with brand marketing plans and campaigns.\r\n​To be responsible for reflecting the style and tone of voice across social media marketing and ensure that content and conversations match audience needs.\r\nContent creation, assimilation & distribution on Social Media Networks in appropriate situations.\r\nTo advise and participate in the development and delivery of a social media strategy for hotel products & services.\r\nConceptualize and execute social media campaigns, contest etc…\r\nTo source content and supply the copy and images for the blog, based on content required for email, website and social media campaigns.\r\nTo create assets (images, gifs, video) that can be used across the social media channels in line with marketing priorities.', 'To oversee and manage social media accounts (twitter, facebook, linkedin, instagram,  Google and other social media channels in accordance with the hotel standards.\r\nThe candidate will be primarily responsible for developing& executing strategies to promote the hotel across Social Media Networks with various Social Media Marketing tools provided in a global environment.\r\nTo run high priority social creative campaigns, media engagement and third parties as required and ensuring that all work is aligned with brand marketing plans and campaigns.\r\n​To be responsible for reflecting the style and tone of voice across social media marketing and ensure that content and conversations match audience needs.\r\nContent creation, assimilation & distribution on Social Media Networks in appropriate situations.\r\nTo advise and participate in the development and delivery of a social media strategy for hotel products & services.\r\nConceptualize and execute social media campaigns, contest etc…\r\nTo source content and supply the copy and images for the blog, based on content required for email, website and social media campaigns.\r\nTo create assets (images, gifs, video) that can be used across the social media channels in line with marketing priorities.', '/images/company-logo-02-1-150x150.png', '15000', '15000', 0, 0, 0, 1, 0, '2024-03-30', 1, 0, NULL, '2023-06-30 10:22:31', '2023-07-25 10:46:22'),
	(24, 0, 3, 1, 1, 'Senior Health And Nutrition Advisor', 'Provide technical health advice to Head of Country Programmes and field advisors at all key stages of the project management cycle including needs assessment, technical strategy and design, implementation as well as sector specific monitoring and evaluation. This includes travel to field programmes as well as review of proposals, key reports and surveys prior to external submission.\r\nStay abreast of current best practice. Research and stay informed on academic and technical health and nutrition issues, techniques, and guidelines to inform and improve programming.', 'Assist in developing internal training materials and resources and providing training to staff at appropriate venues, including but not limited to the ROC, HQ Briefing, HQ Inductions and online sessions', '/images/company-logo-06-150x150.png', '30000', '35000', 1, 0, 0, 0, 0, '2024-03-30', 1, 0, NULL, '2023-06-30 10:11:26', '2023-07-01 12:58:11'),
	(49, 0, 20, 2, 2, 'Social Media And Public Relation Executive', 'To oversee and manage social media accounts (twitter, facebook, linkedin, instagram,  Google and other social media channels in accordance with the hotel standards.\r\nThe candidate will be primarily responsible for developing& executing strategies to promote the hotel across Social Media Networks with various Social Media Marketing tools provided in a global environment.\r\nTo run high priority social creative campaigns, media engagement and third parties as required and ensuring that all work is aligned with brand marketing plans and campaigns.\r\n​To be responsible for reflecting the style and tone of voice across social media marketing and ensure that content and conversations match audience needs.\r\nContent creation, assimilation & distribution on Social Media Networks in appropriate situations.\r\nTo advise and participate in the development and delivery of a social media strategy for hotel products & services.\r\nConceptualize and execute social media campaigns, contest etc…\r\nTo source content and supply the copy and images for the blog, based on content required for email, website and social media campaigns.\r\nTo create assets (images, gifs, video) that can be used across the social media channels in line with marketing priorities.', 'To oversee and manage social media accounts (twitter, facebook, linkedin, instagram,  Google and other social media channels in accordance with the hotel standards.\r\nThe candidate will be primarily responsible for developing& executing strategies to promote the hotel across Social Media Networks with various Social Media Marketing tools provided in a global environment.\r\nTo run high priority social creative campaigns, media engagement and third parties as required and ensuring that all work is aligned with brand marketing plans and campaigns.\r\n​To be responsible for reflecting the style and tone of voice across social media marketing and ensure that content and conversations match audience needs.\r\nContent creation, assimilation & distribution on Social Media Networks in appropriate situations.\r\nTo advise and participate in the development and delivery of a social media strategy for hotel products & services.\r\nConceptualize and execute social media campaigns, contest etc…\r\nTo source content and supply the copy and images for the blog, based on content required for email, website and social media campaigns.\r\nTo create assets (images, gifs, video) that can be used across the social media channels in line with marketing priorities.', '/images/company-logo-02-1-150x150.png', '15000', '15000', 0, 0, 0, 1, 0, '2024-03-30', 1, 0, NULL, '2023-06-30 10:22:31', '2023-06-30 14:20:45'),
	(48, 0, 21, 2, 2, 'Social Media And Public Relation Executive', 'To oversee and manage social media accounts (twitter, facebook, linkedin, instagram,  Google and other social media channels in accordance with the hotel standards.\r\nThe candidate will be primarily responsible for developing& executing strategies to promote the hotel across Social Media Networks with various Social Media Marketing tools provided in a global environment.\r\nTo run high priority social creative campaigns, media engagement and third parties as required and ensuring that all work is aligned with brand marketing plans and campaigns.\r\n​To be responsible for reflecting the style and tone of voice across social media marketing and ensure that content and conversations match audience needs.\r\nContent creation, assimilation & distribution on Social Media Networks in appropriate situations.\r\nTo advise and participate in the development and delivery of a social media strategy for hotel products & services.\r\nConceptualize and execute social media campaigns, contest etc…\r\nTo source content and supply the copy and images for the blog, based on content required for email, website and social media campaigns.\r\nTo create assets (images, gifs, video) that can be used across the social media channels in line with marketing priorities.', 'To oversee and manage social media accounts (twitter, facebook, linkedin, instagram,  Google and other social media channels in accordance with the hotel standards.\r\nThe candidate will be primarily responsible for developing& executing strategies to promote the hotel across Social Media Networks with various Social Media Marketing tools provided in a global environment.\r\nTo run high priority social creative campaigns, media engagement and third parties as required and ensuring that all work is aligned with brand marketing plans and campaigns.\r\n​To be responsible for reflecting the style and tone of voice across social media marketing and ensure that content and conversations match audience needs.\r\nContent creation, assimilation & distribution on Social Media Networks in appropriate situations.\r\nTo advise and participate in the development and delivery of a social media strategy for hotel products & services.\r\nConceptualize and execute social media campaigns, contest etc…\r\nTo source content and supply the copy and images for the blog, based on content required for email, website and social media campaigns.\r\nTo create assets (images, gifs, video) that can be used across the social media channels in line with marketing priorities.', '/images/company-logo-02-1-150x150.png', '15000', '15000', 0, 0, 1, 1, 0, '2024-03-30', 1, 0, NULL, '2023-06-30 10:22:31', '2023-07-25 10:46:20'),
	(27, 0, 9, 1, 1, 'Senior Health And Nutrition Advisor', 'Provide technical health advice to Head of Country Programmes and field advisors at all key stages of the project management cycle including needs assessment, technical strategy and design, implementation as well as sector specific monitoring and evaluation. This includes travel to field programmes as well as review of proposals, key reports and surveys prior to external submission.\r\nStay abreast of current best practice. Research and stay informed on academic and technical health and nutrition issues, techniques, and guidelines to inform and improve programming.', 'Assist in developing internal training materials and resources and providing training to staff at appropriate venues, including but not limited to the ROC, HQ Briefing, HQ Inductions and online sessions', '/images/company-logo-06-150x150.png', '30000', '35000', 1, 0, 0, 0, 0, '2024-03-30', 1, 0, NULL, '2023-06-30 10:11:26', '2023-07-25 10:46:28'),
	(28, 0, 14, 1, 1, 'Senior Health And Nutrition Advisor', 'Provide technical health advice to Head of Country Programmes and field advisors at all key stages of the project management cycle including needs assessment, technical strategy and design, implementation as well as sector specific monitoring and evaluation. This includes travel to field programmes as well as review of proposals, key reports and surveys prior to external submission.\r\nStay abreast of current best practice. Research and stay informed on academic and technical health and nutrition issues, techniques, and guidelines to inform and improve programming.', 'Assist in developing internal training materials and resources and providing training to staff at appropriate venues, including but not limited to the ROC, HQ Briefing, HQ Inductions and online sessions', '/images/company-logo-06-150x150.png', '30000', '35000', 1, 0, 0, 1, 0, '2024-03-30', 1, 0, NULL, '2023-06-30 10:11:26', '2023-07-07 17:00:19'),
	(29, 0, 6, 1, 1, 'Senior Health And Nutrition Advisor', 'Provide technical health advice to Head of Country Programmes and field advisors at all key stages of the project management cycle including needs assessment, technical strategy and design, implementation as well as sector specific monitoring and evaluation. This includes travel to field programmes as well as review of proposals, key reports and surveys prior to external submission.\r\nStay abreast of current best practice. Research and stay informed on academic and technical health and nutrition issues, techniques, and guidelines to inform and improve programming.', 'Assist in developing internal training materials and resources and providing training to staff at appropriate venues, including but not limited to the ROC, HQ Briefing, HQ Inductions and online sessions', '/images/company-logo-06-150x150.png', '30000', '35000', 1, 0, 0, 0, 1, '2024-03-30', 1, 0, NULL, '2023-06-30 10:11:26', '2023-07-25 10:47:18'),
	(30, 0, 5, 5, 5, 'Telecommunication Systems Engineer ', 'Two-Way Radio and Broadband Wireless Communications Systems, including P25 Land Mobile Radio (LMR) System and 4G LTE systems.\r\nIP based large scale network deployments, integration, operations and support.\r\nVoice (including voice messaging), video, and data communications systems, performance capabilities, and evaluative techniques used to determine telephone, video, and data communications service requirements.\r\nTrends and current developments in the wireless communications field, including methods, procedures, systems, and equipment.\r\nRules, codes, regulations, and laws applicable to the wireless telecommunications sector.\r\nRate structures and billing procedures of communications common carriers.\r\nReport preparation.', 'Design, plan, and specify a Wireless Communications System.\r\nPlan, coordinate, and track complex projects.\r\nCommunicate effectively orally and in writing.\r\nOperate a personal computer.', '/images/company-logo-01-2-150x150.png', '30000', '35000', 1, 0, 0, 0, 0, '2022-12-08', 0, 0, NULL, '2023-06-30 10:37:15', '2023-06-30 12:59:10'),
	(31, 0, 2, 4, 4, 'Head Of Commercial Contracts', 'Develop a strategic plan for the team at the outset to drive performance improvement and change;\r\nOffer expert insight into commercial contracts across the business, including the management of a wide variety of categories;\r\nSupport the contracting process for services delivered to external organisations;\r\nDevelop compliance and governance arrangements to minimize risk;\r\nDevelop contracting systems to ensure robust processes across the organisation;', 'This crucial role will be working closely with the Executive team as a key appointment, cementing their position as a leading Sussex business. You will play a vital role in supporting the future-proofing of the organisation, delivering value-for-money, strong long-term relationships and nullified risk.', '/images/placeholder.png', '20000', '30000', 1, 0, 0, 0, 0, '2023-12-21', 1, 0, NULL, '2023-06-30 10:33:38', '2023-06-30 10:33:38'),
	(32, 0, 4, 3, 3, 'Grader Operator', 'Take action to avoid potential hazards and obstructions, such as utility lines, other equipment, other workers, and falling objects.\r\nStart engines, move throttles, switches, and levers, and depress pedals to operate such stated machines\r\nAlign machines with reference stakes and guidelines or ground or position equipment, following hand signals of other workers.\r\nLoad and move dirt, rocks, equipment, and materials, using trucks, crawler tractors, shovels, graders, or related equipment.\r\nCoordinate machine actions with other activities, positioning or moving loads in response to hand or audio signals from crew members', 'Must have minimum of 3 years experience running, maneuvering, driving, and navigating equipment such as bulldozer, excavators, rollers, and front-end loaders.\r\nStrongly prefer candidates with High School Diploma\r\nMust be able to communicate with others to convey information effectively.\r\nMust be accustomed to working outdoors with exposure to all weather conditions\r\nMust be able to perform physical activities that require considerable use of your arms and legs and moving your whole body, such as climbing, lifting, balancing, walking, stooping, and handling of materials\r\nMust be knowledgeable of safety procedures and practices', '/images/placeholder.png', '30000', '38000', 0, 1, 0, 0, 0, '2024-05-04', 1, 0, NULL, '2023-06-30 10:26:26', '2023-06-30 10:26:26'),
	(33, 0, 21, 2, 2, 'Social Media And Public Relation Executive', '', 'To oversee and manage social media accounts (twitter, facebook, linkedin, instagram,  Google and other social media channels in accordance with the hotel standards.\r\nThe candidate will be primarily responsible for developing& executing strategies to promote the hotel across Social Media Networks with various Social Media Marketing tools provided in a global environment.\r\nTo run high priority social creative campaigns, media engagement and third parties as required and ensuring that all work is aligned with brand marketing plans and campaigns.\r\n​To be responsible for reflecting the style and tone of voice across social media marketing and ensure that content and conversations match audience needs.\r\nContent creation, assimilation & distribution on Social Media Networks in appropriate situations.\r\nTo advise and participate in the development and delivery of a social media strategy for hotel products & services.\r\nConceptualize and execute social media campaigns, contest etc…\r\nTo source content and supply the copy and images for the blog, based on content required for email, website and social media campaigns.\r\nTo create assets (images, gifs, video) that can be used across the social media channels in line with marketing priorities.', '/images/company-logo-02-1-150x150.png', '15000', '15000', 0, 0, 1, 1, 0, '2024-03-30', 1, 0, NULL, '2023-06-30 10:22:31', '2023-07-25 10:46:17'),
	(34, 0, 21, 2, 2, 'Social Media And Public Relation Executive', '', 'To oversee and manage social media accounts (twitter, facebook, linkedin, instagram,  Google and other social media channels in accordance with the hotel standards.\r\nThe candidate will be primarily responsible for developing& executing strategies to promote the hotel across Social Media Networks with various Social Media Marketing tools provided in a global environment.\r\nTo run high priority social creative campaigns, media engagement and third parties as required and ensuring that all work is aligned with brand marketing plans and campaigns.\r\n​To be responsible for reflecting the style and tone of voice across social media marketing and ensure that content and conversations match audience needs.\r\nContent creation, assimilation & distribution on Social Media Networks in appropriate situations.\r\nTo advise and participate in the development and delivery of a social media strategy for hotel products & services.\r\nConceptualize and execute social media campaigns, contest etc…\r\nTo source content and supply the copy and images for the blog, based on content required for email, website and social media campaigns.\r\nTo create assets (images, gifs, video) that can be used across the social media channels in line with marketing priorities.', '/images/company-logo-02-1-150x150.png', '15000', '15000', 0, 0, 0, 1, 0, '2024-03-30', 1, 0, NULL, '2023-06-30 10:22:31', '2023-07-25 10:46:15'),
	(35, 0, 4, 3, 3, 'Grader Operator', 'Take action to avoid potential hazards and obstructions, such as utility lines, other equipment, other workers, and falling objects.\r\nStart engines, move throttles, switches, and levers, and depress pedals to operate such stated machines\r\nAlign machines with reference stakes and guidelines or ground or position equipment, following hand signals of other workers.\r\nLoad and move dirt, rocks, equipment, and materials, using trucks, crawler tractors, shovels, graders, or related equipment.\r\nCoordinate machine actions with other activities, positioning or moving loads in response to hand or audio signals from crew members', 'Must have minimum of 3 years experience running, maneuvering, driving, and navigating equipment such as bulldozer, excavators, rollers, and front-end loaders.\r\nStrongly prefer candidates with High School Diploma\r\nMust be able to communicate with others to convey information effectively.\r\nMust be accustomed to working outdoors with exposure to all weather conditions\r\nMust be able to perform physical activities that require considerable use of your arms and legs and moving your whole body, such as climbing, lifting, balancing, walking, stooping, and handling of materials\r\nMust be knowledgeable of safety procedures and practices', '/images/placeholder.png', '30000', '38000', 0, 1, 0, 0, 0, '2024-05-04', 1, 0, NULL, '2023-06-30 10:26:26', '2023-06-30 10:26:26'),
	(36, 0, 2, 4, 4, 'Head Of Commercial Contracts', 'Develop a strategic plan for the team at the outset to drive performance improvement and change;\r\nOffer expert insight into commercial contracts across the business, including the management of a wide variety of categories;\r\nSupport the contracting process for services delivered to external organisations;\r\nDevelop compliance and governance arrangements to minimize risk;\r\nDevelop contracting systems to ensure robust processes across the organisation;', 'This crucial role will be working closely with the Executive team as a key appointment, cementing their position as a leading Sussex business. You will play a vital role in supporting the future-proofing of the organisation, delivering value-for-money, strong long-term relationships and nullified risk.', '/images/placeholder.png', '20000', '30000', 1, 0, 0, 0, 0, '2023-12-21', 1, 8, 'Head Of Commercial Contracts\r\n', '2023-06-30 10:33:38', '2023-08-02 05:06:00'),
	(37, 0, 5, 5, 5, 'Telecommunication Systems Engineer ', 'Two-Way Radio and Broadband Wireless Communications Systems, including P25 Land Mobile Radio (LMR) System and 4G LTE systems.\r\nIP based large scale network deployments, integration, operations and support.\r\nVoice (including voice messaging), video, and data communications systems, performance capabilities, and evaluative techniques used to determine telephone, video, and data communications service requirements.\r\nTrends and current developments in the wireless communications field, including methods, procedures, systems, and equipment.\r\nRules, codes, regulations, and laws applicable to the wireless telecommunications sector.\r\nRate structures and billing procedures of communications common carriers.\r\nReport preparation.', 'Design, plan, and specify a Wireless Communications System.\r\nPlan, coordinate, and track complex projects.\r\nCommunicate effectively orally and in writing.\r\nOperate a personal computer.', '/images/company-logo-01-2-150x150.png', '30000', '35000', 1, 0, 0, 0, 1, '2022-12-08', 0, 0, NULL, '2023-06-30 10:37:15', '2023-07-07 17:00:26'),
	(38, 0, 20, 3, 3, 'Grader Operator', 'Take action to avoid potential hazards and obstructions, such as utility lines, other equipment, other workers, and falling objects.\r\nStart engines, move throttles, switches, and levers, and depress pedals to operate such stated machines\r\nAlign machines with reference stakes and guidelines or ground or position equipment, following hand signals of other workers.\r\nLoad and move dirt, rocks, equipment, and materials, using trucks, crawler tractors, shovels, graders, or related equipment.\r\nCoordinate machine actions with other activities, positioning or moving loads in response to hand or audio signals from crew members', 'Must have minimum of 3 years experience running, maneuvering, driving, and navigating equipment such as bulldozer, excavators, rollers, and front-end loaders.\r\nStrongly prefer candidates with High School Diploma\r\nMust be able to communicate with others to convey information effectively.\r\nMust be accustomed to working outdoors with exposure to all weather conditions\r\nMust be able to perform physical activities that require considerable use of your arms and legs and moving your whole body, such as climbing, lifting, balancing, walking, stooping, and handling of materials\r\nMust be knowledgeable of safety procedures and practices', '/images/placeholder.png', '30000', '38000', 0, 1, 0, 0, 0, '2024-05-04', 1, 0, NULL, '2023-06-30 10:26:26', '2023-07-25 10:46:10'),
	(39, 0, 20, 3, 3, 'Grader Operator', 'Take action to avoid potential hazards and obstructions, such as utility lines, other equipment, other workers, and falling objects.\r\nStart engines, move throttles, switches, and levers, and depress pedals to operate such stated machines\r\nAlign machines with reference stakes and guidelines or ground or position equipment, following hand signals of other workers.\r\nLoad and move dirt, rocks, equipment, and materials, using trucks, crawler tractors, shovels, graders, or related equipment.\r\nCoordinate machine actions with other activities, positioning or moving loads in response to hand or audio signals from crew members', 'Must have minimum of 3 years experience running, maneuvering, driving, and navigating equipment such as bulldozer, excavators, rollers, and front-end loaders.\r\nStrongly prefer candidates with High School Diploma\r\nMust be able to communicate with others to convey information effectively.\r\nMust be accustomed to working outdoors with exposure to all weather conditions\r\nMust be able to perform physical activities that require considerable use of your arms and legs and moving your whole body, such as climbing, lifting, balancing, walking, stooping, and handling of materials\r\nMust be knowledgeable of safety procedures and practices', '/images/placeholder.png', '30000', '38000', 0, 1, 0, 1, 0, '2024-05-04', 1, 0, NULL, '2023-06-30 10:26:26', '2023-07-25 10:46:06'),
	(40, 0, 19, 3, 3, 'Grader Operator', 'Take action to avoid potential hazards and obstructions, such as utility lines, other equipment, other workers, and falling objects.\r\nStart engines, move throttles, switches, and levers, and depress pedals to operate such stated machines\r\nAlign machines with reference stakes and guidelines or ground or position equipment, following hand signals of other workers.\r\nLoad and move dirt, rocks, equipment, and materials, using trucks, crawler tractors, shovels, graders, or related equipment.\r\nCoordinate machine actions with other activities, positioning or moving loads in response to hand or audio signals from crew members', 'Must have minimum of 3 years experience running, maneuvering, driving, and navigating equipment such as bulldozer, excavators, rollers, and front-end loaders.\r\nStrongly prefer candidates with High School Diploma\r\nMust be able to communicate with others to convey information effectively.\r\nMust be accustomed to working outdoors with exposure to all weather conditions\r\nMust be able to perform physical activities that require considerable use of your arms and legs and moving your whole body, such as climbing, lifting, balancing, walking, stooping, and handling of materials\r\nMust be knowledgeable of safety procedures and practices', '/images/placeholder.png', '30000', '38000', 0, 1, 0, 0, 1, '2024-05-04', 1, 0, NULL, '2023-06-30 10:26:26', '2023-07-25 10:46:00'),
	(41, 0, 19, 4, 4, 'Head Of Commercial Contracts', 'Develop a strategic plan for the team at the outset to drive performance improvement and change;\r\nOffer expert insight into commercial contracts across the business, including the management of a wide variety of categories;\r\nSupport the contracting process for services delivered to external organisations;\r\nDevelop compliance and governance arrangements to minimize risk;\r\nDevelop contracting systems to ensure robust processes across the organisation;', 'This crucial role will be working closely with the Executive team as a key appointment, cementing their position as a leading Sussex business. You will play a vital role in supporting the future-proofing of the organisation, delivering value-for-money, strong long-term relationships and nullified risk.', '/images/placeholder.png', '20000', '30000', 1, 0, 0, 0, 0, '2023-12-21', 1, 0, NULL, '2023-06-30 10:33:38', '2023-07-25 10:45:58'),
	(42, 0, 18, 4, 4, 'Head Of Commercial Contracts', 'Develop a strategic plan for the team at the outset to drive performance improvement and change;\r\nOffer expert insight into commercial contracts across the business, including the management of a wide variety of categories;\r\nSupport the contracting process for services delivered to external organisations;\r\nDevelop compliance and governance arrangements to minimize risk;\r\nDevelop contracting systems to ensure robust processes across the organisation;', 'This crucial role will be working closely with the Executive team as a key appointment, cementing their position as a leading Sussex business. You will play a vital role in supporting the future-proofing of the organisation, delivering value-for-money, strong long-term relationships and nullified risk.', '/images/placeholder.png', '20000', '30000', 1, 0, 0, 0, 0, '2023-12-21', 1, 0, NULL, '2023-06-30 10:33:38', '2023-07-25 10:45:56'),
	(43, 0, 18, 5, 5, 'Telecommunication Systems Engineer ', 'Two-Way Radio and Broadband Wireless Communications Systems, including P25 Land Mobile Radio (LMR) System and 4G LTE systems.\r\nIP based large scale network deployments, integration, operations and support.\r\nVoice (including voice messaging), video, and data communications systems, performance capabilities, and evaluative techniques used to determine telephone, video, and data communications service requirements.\r\nTrends and current developments in the wireless communications field, including methods, procedures, systems, and equipment.\r\nRules, codes, regulations, and laws applicable to the wireless telecommunications sector.\r\nRate structures and billing procedures of communications common carriers.\r\nReport preparation.', 'Design, plan, and specify a Wireless Communications System.\r\nPlan, coordinate, and track complex projects.\r\nCommunicate effectively orally and in writing.\r\nOperate a personal computer.', '/images/company-logo-01-2-150x150.png', '30000', '35000', 1, 0, 0, 0, 1, '2022-12-08', 0, 0, NULL, '2023-06-30 10:37:15', '2023-07-25 10:45:51'),
	(50, 0, 18, 3, 3, 'Grader Operator', 'Take action to avoid potential hazards and obstructions, such as utility lines, other equipment, other workers, and falling objects.\r\nStart engines, move throttles, switches, and levers, and depress pedals to operate such stated machines\r\nAlign machines with reference stakes and guidelines or ground or position equipment, following hand signals of other workers.\r\nLoad and move dirt, rocks, equipment, and materials, using trucks, crawler tractors, shovels, graders, or related equipment.\r\nCoordinate machine actions with other activities, positioning or moving loads in response to hand or audio signals from crew members', 'Must have minimum of 3 years experience running, maneuvering, driving, and navigating equipment such as bulldozer, excavators, rollers, and front-end loaders.\r\nStrongly prefer candidates with High School Diploma\r\nMust be able to communicate with others to convey information effectively.\r\nMust be accustomed to working outdoors with exposure to all weather conditions\r\nMust be able to perform physical activities that require considerable use of your arms and legs and moving your whole body, such as climbing, lifting, balancing, walking, stooping, and handling of materials\r\nMust be knowledgeable of safety procedures and practices', '/images/placeholder.png', '30000', '38000', 0, 1, 0, 0, 0, '2024-05-04', 1, 0, NULL, '2023-06-30 10:26:26', '2023-07-25 10:45:49'),
	(51, 0, 17, 4, 4, 'Head Of Commercial Contracts', 'Develop a strategic plan for the team at the outset to drive performance improvement and change;\r\nOffer expert insight into commercial contracts across the business, including the management of a wide variety of categories;\r\nSupport the contracting process for services delivered to external organisations;\r\nDevelop compliance and governance arrangements to minimize risk;\r\nDevelop contracting systems to ensure robust processes across the organisation;', 'This crucial role will be working closely with the Executive team as a key appointment, cementing their position as a leading Sussex business. You will play a vital role in supporting the future-proofing of the organisation, delivering value-for-money, strong long-term relationships and nullified risk.', '/images/placeholder.png', '20000', '30000', 1, 0, 0, 0, 0, '2023-12-21', 1, 0, NULL, '2023-06-30 10:33:38', '2023-07-25 10:45:46'),
	(52, 0, 17, 4, 4, 'Head Of Commercial Contracts', 'Develop a strategic plan for the team at the outset to drive performance improvement and change;\r\nOffer expert insight into commercial contracts across the business, including the management of a wide variety of categories;\r\nSupport the contracting process for services delivered to external organisations;\r\nDevelop compliance and governance arrangements to minimize risk;\r\nDevelop contracting systems to ensure robust processes across the organisation;', 'This crucial role will be working closely with the Executive team as a key appointment, cementing their position as a leading Sussex business. You will play a vital role in supporting the future-proofing of the organisation, delivering value-for-money, strong long-term relationships and nullified risk.', '/images/placeholder.png', '20000', '30000', 1, 0, 0, 0, 0, '2023-12-21', 1, 0, NULL, '2023-06-30 10:33:38', '2023-07-25 10:45:40'),
	(53, 0, 17, 4, 4, 'Head Of Commercial Contracts', 'Develop a strategic plan for the team at the outset to drive performance improvement and change;\r\nOffer expert insight into commercial contracts across the business, including the management of a wide variety of categories;\r\nSupport the contracting process for services delivered to external organisations;\r\nDevelop compliance and governance arrangements to minimize risk;\r\nDevelop contracting systems to ensure robust processes across the organisation;', 'This crucial role will be working closely with the Executive team as a key appointment, cementing their position as a leading Sussex business. You will play a vital role in supporting the future-proofing of the organisation, delivering value-for-money, strong long-term relationships and nullified risk.', '/images/placeholder.png', '20000', '30000', 1, 0, 0, 1, 1, '2023-12-21', 1, 0, NULL, '2023-06-30 10:33:38', '2023-07-25 10:45:43'),
	(54, 0, 16, 1, 1, 'Senior Health And Nutrition Advisor', 'Provide technical health advice to Head of Country Programmes and field advisors at all key stages of the project management cycle including needs assessment, technical strategy and design, implementation as well as sector specific monitoring and evaluation. This includes travel to field programmes as well as review of proposals, key reports and surveys prior to external submission.\r\nStay abreast of current best practice. Research and stay informed on academic and technical health and nutrition issues, techniques, and guidelines to inform and improve programming.', 'Assist in developing internal training materials and resources and providing training to staff at appropriate venues, including but not limited to the ROC, HQ Briefing, HQ Inductions and online sessions', '/images/company-logo-06-150x150.png', '30000', '35000', 1, 0, 0, 1, 0, '2024-03-30', 1, 0, NULL, '2023-06-30 10:11:26', '2023-07-25 10:45:38'),
	(55, 0, 4, 3, 3, 'Grader Operator', 'Take action to avoid potential hazards and obstructions, such as utility lines, other equipment, other workers, and falling objects.\r\nStart engines, move throttles, switches, and levers, and depress pedals to operate such stated machines\r\nAlign machines with reference stakes and guidelines or ground or position equipment, following hand signals of other workers.\r\nLoad and move dirt, rocks, equipment, and materials, using trucks, crawler tractors, shovels, graders, or related equipment.\r\nCoordinate machine actions with other activities, positioning or moving loads in response to hand or audio signals from crew members', 'Must have minimum of 3 years experience running, maneuvering, driving, and navigating equipment such as bulldozer, excavators, rollers, and front-end loaders.\r\nStrongly prefer candidates with High School Diploma\r\nMust be able to communicate with others to convey information effectively.\r\nMust be accustomed to working outdoors with exposure to all weather conditions\r\nMust be able to perform physical activities that require considerable use of your arms and legs and moving your whole body, such as climbing, lifting, balancing, walking, stooping, and handling of materials\r\nMust be knowledgeable of safety procedures and practices', '/images/placeholder.png', '30000', '38000', 0, 1, 0, 1, 0, '2024-05-04', 1, 0, NULL, '2023-06-30 10:26:26', '2023-07-07 17:00:34'),
	(56, 0, 4, 3, 3, 'Grader Operator', 'Take action to avoid potential hazards and obstructions, such as utility lines, other equipment, other workers, and falling objects.\r\nStart engines, move throttles, switches, and levers, and depress pedals to operate such stated machines\r\nAlign machines with reference stakes and guidelines or ground or position equipment, following hand signals of other workers.\r\nLoad and move dirt, rocks, equipment, and materials, using trucks, crawler tractors, shovels, graders, or related equipment.\r\nCoordinate machine actions with other activities, positioning or moving loads in response to hand or audio signals from crew members', 'Must have minimum of 3 years experience running, maneuvering, driving, and navigating equipment such as bulldozer, excavators, rollers, and front-end loaders.\r\nStrongly prefer candidates with High School Diploma\r\nMust be able to communicate with others to convey information effectively.\r\nMust be accustomed to working outdoors with exposure to all weather conditions\r\nMust be able to perform physical activities that require considerable use of your arms and legs and moving your whole body, such as climbing, lifting, balancing, walking, stooping, and handling of materials\r\nMust be knowledgeable of safety procedures and practices', '/images/placeholder.png', '30000', '38000', 0, 1, 0, 0, 0, '2024-05-04', 1, 0, NULL, '2023-06-30 10:26:26', '2023-06-30 10:26:26'),
	(57, 0, 20, 2, 2, 'Social Media And Public Relation Executive', '', 'To oversee and manage social media accounts (twitter, facebook, linkedin, instagram,  Google and other social media channels in accordance with the hotel standards.\r\nThe candidate will be primarily responsible for developing& executing strategies to promote the hotel across Social Media Networks with various Social Media Marketing tools provided in a global environment.\r\nTo run high priority social creative campaigns, media engagement and third parties as required and ensuring that all work is aligned with brand marketing plans and campaigns.\r\n​To be responsible for reflecting the style and tone of voice across social media marketing and ensure that content and conversations match audience needs.\r\nContent creation, assimilation & distribution on Social Media Networks in appropriate situations.\r\nTo advise and participate in the development and delivery of a social media strategy for hotel products & services.\r\nConceptualize and execute social media campaigns, contest etc…\r\nTo source content and supply the copy and images for the blog, based on content required for email, website and social media campaigns.\r\nTo create assets (images, gifs, video) that can be used across the social media channels in line with marketing priorities.', '/images/company-logo-02-1-150x150.png', '15000', '15000', 0, 0, 0, 1, 0, '2024-03-30', 1, 0, NULL, '2023-06-30 10:22:31', '2023-06-30 10:22:31'),
	(58, 0, 15, 4, 4, 'Head Of Commercial Contracts', 'Develop a strategic plan for the team at the outset to drive performance improvement and change;\r\nOffer expert insight into commercial contracts across the business, including the management of a wide variety of categories;\r\nSupport the contracting process for services delivered to external organisations;\r\nDevelop compliance and governance arrangements to minimize risk;\r\nDevelop contracting systems to ensure robust processes across the organisation;', 'This crucial role will be working closely with the Executive team as a key appointment, cementing their position as a leading Sussex business. You will play a vital role in supporting the future-proofing of the organisation, delivering value-for-money, strong long-term relationships and nullified risk.', '/images/placeholder.png', '20000', '30000', 1, 0, 0, 0, 0, '2023-12-21', 1, 0, NULL, '2023-06-30 10:33:38', '2023-07-25 10:45:22'),
	(59, 0, 15, 4, 4, 'Head Of Commercial Contracts', 'Develop a strategic plan for the team at the outset to drive performance improvement and change;\r\nOffer expert insight into commercial contracts across the business, including the management of a wide variety of categories;\r\nSupport the contracting process for services delivered to external organisations;\r\nDevelop compliance and governance arrangements to minimize risk;\r\nDevelop contracting systems to ensure robust processes across the organisation;', 'This crucial role will be working closely with the Executive team as a key appointment, cementing their position as a leading Sussex business. You will play a vital role in supporting the future-proofing of the organisation, delivering value-for-money, strong long-term relationships and nullified risk.', '/images/placeholder.png', '20000', '30000', 1, 0, 1, 0, 0, '2023-12-21', 1, 0, NULL, '2023-06-30 10:33:38', '2023-07-25 10:45:25'),
	(60, 0, 13, 4, 4, 'Head Of Commercial Contracts', 'Develop a strategic plan for the team at the outset to drive performance improvement and change;\r\nOffer expert insight into commercial contracts across the business, including the management of a wide variety of categories;\r\nSupport the contracting process for services delivered to external organisations;\r\nDevelop compliance and governance arrangements to minimize risk;\r\nDevelop contracting systems to ensure robust processes across the organisation;', 'This crucial role will be working closely with the Executive team as a key appointment, cementing their position as a leading Sussex business. You will play a vital role in supporting the future-proofing of the organisation, delivering value-for-money, strong long-term relationships and nullified risk.', '/images/placeholder.png', '20000', '30000', 1, 0, 1, 0, 0, '2023-12-21', 1, 0, NULL, '2023-06-30 10:33:38', '2023-07-25 10:45:14'),
	(61, 0, 13, 4, 4, 'Head Of Commercial Contracts', 'Develop a strategic plan for the team at the outset to drive performance improvement and change;\r\nOffer expert insight into commercial contracts across the business, including the management of a wide variety of categories;\r\nSupport the contracting process for services delivered to external organisations;\r\nDevelop compliance and governance arrangements to minimize risk;\r\nDevelop contracting systems to ensure robust processes across the organisation;', 'This crucial role will be working closely with the Executive team as a key appointment, cementing their position as a leading Sussex business. You will play a vital role in supporting the future-proofing of the organisation, delivering value-for-money, strong long-term relationships and nullified risk.', '/images/placeholder.png', '20000', '30000', 1, 0, 0, 0, 0, '2023-12-21', 1, 0, NULL, '2023-06-30 10:33:38', '2023-07-25 10:45:11'),
	(62, 0, 2, 4, 4, 'Head Of Commercial Contracts', 'Develop a strategic plan for the team at the outset to drive performance improvement and change;\r\nOffer expert insight into commercial contracts across the business, including the management of a wide variety of categories;\r\nSupport the contracting process for services delivered to external organisations;\r\nDevelop compliance and governance arrangements to minimize risk;\r\nDevelop contracting systems to ensure robust processes across the organisation;', 'This crucial role will be working closely with the Executive team as a key appointment, cementing their position as a leading Sussex business. You will play a vital role in supporting the future-proofing of the organisation, delivering value-for-money, strong long-term relationships and nullified risk.', '/images/placeholder.png', '20000', '30000', 1, 0, 0, 0, 0, '2023-12-21', 1, 0, NULL, '2023-06-30 10:33:38', '2023-06-30 10:33:38'),
	(63, 0, 14, 3, 3, 'Grader Operator', 'Take action to avoid potential hazards and obstructions, such as utility lines, other equipment, other workers, and falling objects.\r\nStart engines, move throttles, switches, and levers, and depress pedals to operate such stated machines\r\nAlign machines with reference stakes and guidelines or ground or position equipment, following hand signals of other workers.\r\nLoad and move dirt, rocks, equipment, and materials, using trucks, crawler tractors, shovels, graders, or related equipment.\r\nCoordinate machine actions with other activities, positioning or moving loads in response to hand or audio signals from crew members', 'Must have minimum of 3 years experience running, maneuvering, driving, and navigating equipment such as bulldozer, excavators, rollers, and front-end loaders.\r\nStrongly prefer candidates with High School Diploma\r\nMust be able to communicate with others to convey information effectively.\r\nMust be accustomed to working outdoors with exposure to all weather conditions\r\nMust be able to perform physical activities that require considerable use of your arms and legs and moving your whole body, such as climbing, lifting, balancing, walking, stooping, and handling of materials\r\nMust be knowledgeable of safety procedures and practices', '/images/placeholder.png', '30000', '38000', 0, 1, 0, 0, 0, '2024-05-04', 1, 0, NULL, '2023-06-30 10:26:26', '2023-07-25 10:44:59'),
	(64, 0, 14, 3, 3, 'Grader Operator', 'Take action to avoid potential hazards and obstructions, such as utility lines, other equipment, other workers, and falling objects.\r\nStart engines, move throttles, switches, and levers, and depress pedals to operate such stated machines\r\nAlign machines with reference stakes and guidelines or ground or position equipment, following hand signals of other workers.\r\nLoad and move dirt, rocks, equipment, and materials, using trucks, crawler tractors, shovels, graders, or related equipment.\r\nCoordinate machine actions with other activities, positioning or moving loads in response to hand or audio signals from crew members', 'Must have minimum of 3 years experience running, maneuvering, driving, and navigating equipment such as bulldozer, excavators, rollers, and front-end loaders.\r\nStrongly prefer candidates with High School Diploma\r\nMust be able to communicate with others to convey information effectively.\r\nMust be accustomed to working outdoors with exposure to all weather conditions\r\nMust be able to perform physical activities that require considerable use of your arms and legs and moving your whole body, such as climbing, lifting, balancing, walking, stooping, and handling of materials\r\nMust be knowledgeable of safety procedures and practices', '/images/placeholder.png', '30000', '38000', 0, 1, 0, 0, 1, '2024-05-04', 1, 0, NULL, '2023-06-30 10:26:26', '2023-07-25 10:45:02'),
	(65, 0, 4, 3, 3, 'Grader Operator', 'Take action to avoid potential hazards and obstructions, such as utility lines, other equipment, other workers, and falling objects.\r\nStart engines, move throttles, switches, and levers, and depress pedals to operate such stated machines\r\nAlign machines with reference stakes and guidelines or ground or position equipment, following hand signals of other workers.\r\nLoad and move dirt, rocks, equipment, and materials, using trucks, crawler tractors, shovels, graders, or related equipment.\r\nCoordinate machine actions with other activities, positioning or moving loads in response to hand or audio signals from crew members', 'Must have minimum of 3 years experience running, maneuvering, driving, and navigating equipment such as bulldozer, excavators, rollers, and front-end loaders.\r\nStrongly prefer candidates with High School Diploma\r\nMust be able to communicate with others to convey information effectively.\r\nMust be accustomed to working outdoors with exposure to all weather conditions\r\nMust be able to perform physical activities that require considerable use of your arms and legs and moving your whole body, such as climbing, lifting, balancing, walking, stooping, and handling of materials\r\nMust be knowledgeable of safety procedures and practices', '/images/placeholder.png', '30000', '38000', 0, 1, 0, 0, 0, '2024-05-04', 1, 0, NULL, '2023-06-30 10:26:26', '2023-06-30 10:26:26'),
	(66, 0, 4, 3, 3, 'Grader Operator', 'Take action to avoid potential hazards and obstructions, such as utility lines, other equipment, other workers, and falling objects.\r\nStart engines, move throttles, switches, and levers, and depress pedals to operate such stated machines\r\nAlign machines with reference stakes and guidelines or ground or position equipment, following hand signals of other workers.\r\nLoad and move dirt, rocks, equipment, and materials, using trucks, crawler tractors, shovels, graders, or related equipment.\r\nCoordinate machine actions with other activities, positioning or moving loads in response to hand or audio signals from crew members', 'Must have minimum of 3 years experience running, maneuvering, driving, and navigating equipment such as bulldozer, excavators, rollers, and front-end loaders.\r\nStrongly prefer candidates with High School Diploma\r\nMust be able to communicate with others to convey information effectively.\r\nMust be accustomed to working outdoors with exposure to all weather conditions\r\nMust be able to perform physical activities that require considerable use of your arms and legs and moving your whole body, such as climbing, lifting, balancing, walking, stooping, and handling of materials\r\nMust be knowledgeable of safety procedures and practices', '/images/placeholder.png', '30000', '38000', 0, 1, 0, 0, 0, '2024-05-04', 1, 0, NULL, '2023-06-30 10:26:26', '2023-06-30 10:26:26'),
	(67, 0, 4, 3, 3, 'Grader Operator', 'Take action to avoid potential hazards and obstructions, such as utility lines, other equipment, other workers, and falling objects.\r\nStart engines, move throttles, switches, and levers, and depress pedals to operate such stated machines\r\nAlign machines with reference stakes and guidelines or ground or position equipment, following hand signals of other workers.\r\nLoad and move dirt, rocks, equipment, and materials, using trucks, crawler tractors, shovels, graders, or related equipment.\r\nCoordinate machine actions with other activities, positioning or moving loads in response to hand or audio signals from crew members', 'Must have minimum of 3 years experience running, maneuvering, driving, and navigating equipment such as bulldozer, excavators, rollers, and front-end loaders.\r\nStrongly prefer candidates with High School Diploma\r\nMust be able to communicate with others to convey information effectively.\r\nMust be accustomed to working outdoors with exposure to all weather conditions\r\nMust be able to perform physical activities that require considerable use of your arms and legs and moving your whole body, such as climbing, lifting, balancing, walking, stooping, and handling of materials\r\nMust be knowledgeable of safety procedures and practices', '/images/placeholder.png', '30000', '38000', 0, 1, 1, 0, 1, '2024-05-04', 1, 0, NULL, '2023-06-30 10:26:26', '2023-07-07 17:00:51'),
	(68, 0, 20, 2, 2, 'Social Media And Public Relation Executive', '', 'To oversee and manage social media accounts (twitter, facebook, linkedin, instagram,  Google and other social media channels in accordance with the hotel standards.\r\nThe candidate will be primarily responsible for developing& executing strategies to promote the hotel across Social Media Networks with various Social Media Marketing tools provided in a global environment.\r\nTo run high priority social creative campaigns, media engagement and third parties as required and ensuring that all work is aligned with brand marketing plans and campaigns.\r\n​To be responsible for reflecting the style and tone of voice across social media marketing and ensure that content and conversations match audience needs.\r\nContent creation, assimilation & distribution on Social Media Networks in appropriate situations.\r\nTo advise and participate in the development and delivery of a social media strategy for hotel products & services.\r\nConceptualize and execute social media campaigns, contest etc…\r\nTo source content and supply the copy and images for the blog, based on content required for email, website and social media campaigns.\r\nTo create assets (images, gifs, video) that can be used across the social media channels in line with marketing priorities.', '/images/company-logo-02-1-150x150.png', '15000', '15000', 0, 0, 0, 1, 0, '2024-03-30', 1, 0, NULL, '2023-06-30 10:22:31', '2023-06-30 10:22:31'),
	(69, 0, 20, 2, 2, 'Social Media And Public Relation Executive', '', 'To oversee and manage social media accounts (twitter, facebook, linkedin, instagram,  Google and other social media channels in accordance with the hotel standards.\r\nThe candidate will be primarily responsible for developing& executing strategies to promote the hotel across Social Media Networks with various Social Media Marketing tools provided in a global environment.\r\nTo run high priority social creative campaigns, media engagement and third parties as required and ensuring that all work is aligned with brand marketing plans and campaigns.\r\n​To be responsible for reflecting the style and tone of voice across social media marketing and ensure that content and conversations match audience needs.\r\nContent creation, assimilation & distribution on Social Media Networks in appropriate situations.\r\nTo advise and participate in the development and delivery of a social media strategy for hotel products & services.\r\nConceptualize and execute social media campaigns, contest etc…\r\nTo source content and supply the copy and images for the blog, based on content required for email, website and social media campaigns.\r\nTo create assets (images, gifs, video) that can be used across the social media channels in line with marketing priorities.', '/images/company-logo-02-1-150x150.png', '15000', '15000', 1, 1, 0, 1, 0, '2024-03-30', 1, 0, NULL, '2023-06-30 10:22:31', '2023-07-07 17:01:17'),
	(70, 0, 12, 2, 2, 'Social Media And Public Relation Executive', '', 'To oversee and manage social media accounts (twitter, facebook, linkedin, instagram,  Google and other social media channels in accordance with the hotel standards.\r\nThe candidate will be primarily responsible for developing& executing strategies to promote the hotel across Social Media Networks with various Social Media Marketing tools provided in a global environment.\r\nTo run high priority social creative campaigns, media engagement and third parties as required and ensuring that all work is aligned with brand marketing plans and campaigns.\r\n​To be responsible for reflecting the style and tone of voice across social media marketing and ensure that content and conversations match audience needs.\r\nContent creation, assimilation & distribution on Social Media Networks in appropriate situations.\r\nTo advise and participate in the development and delivery of a social media strategy for hotel products & services.\r\nConceptualize and execute social media campaigns, contest etc…\r\nTo source content and supply the copy and images for the blog, based on content required for email, website and social media campaigns.\r\nTo create assets (images, gifs, video) that can be used across the social media channels in line with marketing priorities.', '/images/company-logo-02-1-150x150.png', '15000', '15000', 0, 0, 0, 1, 0, '2024-03-30', 1, 0, NULL, '2023-06-30 10:22:31', '2023-07-25 10:44:51'),
	(71, 0, 12, 2, 2, 'Social Media And Public Relation Executive', '', 'To oversee and manage social media accounts (twitter, facebook, linkedin, instagram,  Google and other social media channels in accordance with the hotel standards.\r\nThe candidate will be primarily responsible for developing& executing strategies to promote the hotel across Social Media Networks with various Social Media Marketing tools provided in a global environment.\r\nTo run high priority social creative campaigns, media engagement and third parties as required and ensuring that all work is aligned with brand marketing plans and campaigns.\r\n​To be responsible for reflecting the style and tone of voice across social media marketing and ensure that content and conversations match audience needs.\r\nContent creation, assimilation & distribution on Social Media Networks in appropriate situations.\r\nTo advise and participate in the development and delivery of a social media strategy for hotel products & services.\r\nConceptualize and execute social media campaigns, contest etc…\r\nTo source content and supply the copy and images for the blog, based on content required for email, website and social media campaigns.\r\nTo create assets (images, gifs, video) that can be used across the social media channels in line with marketing priorities.', '/images/company-logo-02-1-150x150.png', '15000', '15000', 0, 0, 0, 1, 0, '2024-03-30', 1, 0, NULL, '2023-06-30 10:22:31', '2023-07-25 10:44:54'),
	(72, 0, 5, 5, 5, 'Telecommunication Systems Engineer ', 'Two-Way Radio and Broadband Wireless Communications Systems, including P25 Land Mobile Radio (LMR) System and 4G LTE systems.\r\nIP based large scale network deployments, integration, operations and support.\r\nVoice (including voice messaging), video, and data communications systems, performance capabilities, and evaluative techniques used to determine telephone, video, and data communications service requirements.\r\nTrends and current developments in the wireless communications field, including methods, procedures, systems, and equipment.\r\nRules, codes, regulations, and laws applicable to the wireless telecommunications sector.\r\nRate structures and billing procedures of communications common carriers.\r\nReport preparation.', 'Design, plan, and specify a Wireless Communications System.\r\nPlan, coordinate, and track complex projects.\r\nCommunicate effectively orally and in writing.\r\nOperate a personal computer.', '/images/company-logo-01-2-150x150.png', '30000', '35000', 1, 0, 0, 0, 1, '2022-12-08', 0, 0, NULL, '2023-06-30 10:37:15', '2023-07-07 17:01:14'),
	(73, 0, 5, 5, 5, 'Telecommunication Systems Engineer ', 'Two-Way Radio and Broadband Wireless Communications Systems, including P25 Land Mobile Radio (LMR) System and 4G LTE systems.\r\nIP based large scale network deployments, integration, operations and support.\r\nVoice (including voice messaging), video, and data communications systems, performance capabilities, and evaluative techniques used to determine telephone, video, and data communications service requirements.\r\nTrends and current developments in the wireless communications field, including methods, procedures, systems, and equipment.\r\nRules, codes, regulations, and laws applicable to the wireless telecommunications sector.\r\nRate structures and billing procedures of communications common carriers.\r\nReport preparation.', 'Design, plan, and specify a Wireless Communications System.\r\nPlan, coordinate, and track complex projects.\r\nCommunicate effectively orally and in writing.\r\nOperate a personal computer.', '/images/company-logo-01-2-150x150.png', '30000', '35000', 1, 0, 0, 0, 0, '2022-12-08', 0, 0, NULL, '2023-06-30 10:37:15', '2023-06-30 12:59:10'),
	(74, 0, 11, 5, 5, 'Telecommunication Systems Engineer ', 'Two-Way Radio and Broadband Wireless Communications Systems, including P25 Land Mobile Radio (LMR) System and 4G LTE systems.\r\nIP based large scale network deployments, integration, operations and support.\r\nVoice (including voice messaging), video, and data communications systems, performance capabilities, and evaluative techniques used to determine telephone, video, and data communications service requirements.\r\nTrends and current developments in the wireless communications field, including methods, procedures, systems, and equipment.\r\nRules, codes, regulations, and laws applicable to the wireless telecommunications sector.\r\nRate structures and billing procedures of communications common carriers.\r\nReport preparation.', 'Design, plan, and specify a Wireless Communications System.\r\nPlan, coordinate, and track complex projects.\r\nCommunicate effectively orally and in writing.\r\nOperate a personal computer.', '/images/company-logo-01-2-150x150.png', '30000', '35000', 1, 0, 0, 1, 0, '2022-12-08', 0, 0, NULL, '2023-06-30 10:37:15', '2023-07-25 10:44:47'),
	(75, 0, 11, 5, 5, 'Telecommunication Systems Engineer ', 'Two-Way Radio and Broadband Wireless Communications Systems, including P25 Land Mobile Radio (LMR) System and 4G LTE systems.\r\nIP based large scale network deployments, integration, operations and support.\r\nVoice (including voice messaging), video, and data communications systems, performance capabilities, and evaluative techniques used to determine telephone, video, and data communications service requirements.\r\nTrends and current developments in the wireless communications field, including methods, procedures, systems, and equipment.\r\nRules, codes, regulations, and laws applicable to the wireless telecommunications sector.\r\nRate structures and billing procedures of communications common carriers.\r\nReport preparation.', 'Design, plan, and specify a Wireless Communications System.\r\nPlan, coordinate, and track complex projects.\r\nCommunicate effectively orally and in writing.\r\nOperate a personal computer.', '/images/company-logo-01-2-150x150.png', '30000', '35000', 0, 0, 0, 0, 0, '2022-12-08', 0, 0, NULL, '2023-06-30 10:37:15', '2023-07-25 10:44:43'),
	(76, 0, 10, 5, 5, 'Telecommunication Systems Engineer ', 'Two-Way Radio and Broadband Wireless Communications Systems, including P25 Land Mobile Radio (LMR) System and 4G LTE systems.\r\nIP based large scale network deployments, integration, operations and support.\r\nVoice (including voice messaging), video, and data communications systems, performance capabilities, and evaluative techniques used to determine telephone, video, and data communications service requirements.\r\nTrends and current developments in the wireless communications field, including methods, procedures, systems, and equipment.\r\nRules, codes, regulations, and laws applicable to the wireless telecommunications sector.\r\nRate structures and billing procedures of communications common carriers.\r\nReport preparation.', 'Design, plan, and specify a Wireless Communications System.\r\nPlan, coordinate, and track complex projects.\r\nCommunicate effectively orally and in writing.\r\nOperate a personal computer.', '/images/company-logo-01-2-150x150.png', '30000', '35000', 1, 1, 0, 0, 0, '2022-12-08', 0, 0, NULL, '2023-06-30 10:37:15', '2023-07-25 10:44:39'),
	(77, 0, 10, 5, 5, 'Telecommunication Systems Engineer ', 'Two-Way Radio and Broadband Wireless Communications Systems, including P25 Land Mobile Radio (LMR) System and 4G LTE systems.\r\nIP based large scale network deployments, integration, operations and support.\r\nVoice (including voice messaging), video, and data communications systems, performance capabilities, and evaluative techniques used to determine telephone, video, and data communications service requirements.\r\nTrends and current developments in the wireless communications field, including methods, procedures, systems, and equipment.\r\nRules, codes, regulations, and laws applicable to the wireless telecommunications sector.\r\nRate structures and billing procedures of communications common carriers.\r\nReport preparation.', 'Design, plan, and specify a Wireless Communications System.\r\nPlan, coordinate, and track complex projects.\r\nCommunicate effectively orally and in writing.\r\nOperate a personal computer.', '/images/company-logo-01-2-150x150.png', '30000', '35000', 1, 0, 0, 0, 1, '2022-12-08', 0, 0, NULL, '2023-06-30 10:37:15', '2023-07-25 10:44:36'),
	(78, 0, 9, 5, 5, 'Telecommunication Systems Engineer ', 'Two-Way Radio and Broadband Wireless Communications Systems, including P25 Land Mobile Radio (LMR) System and 4G LTE systems.\r\nIP based large scale network deployments, integration, operations and support.\r\nVoice (including voice messaging), video, and data communications systems, performance capabilities, and evaluative techniques used to determine telephone, video, and data communications service requirements.\r\nTrends and current developments in the wireless communications field, including methods, procedures, systems, and equipment.\r\nRules, codes, regulations, and laws applicable to the wireless telecommunications sector.\r\nRate structures and billing procedures of communications common carriers.\r\nReport preparation.', 'Design, plan, and specify a Wireless Communications System.\r\nPlan, coordinate, and track complex projects.\r\nCommunicate effectively orally and in writing.\r\nOperate a personal computer.', '/images/company-logo-01-2-150x150.png', '30000', '35000', 1, 0, 0, 0, 0, '2022-12-08', 0, 0, NULL, '2023-06-30 10:37:15', '2023-07-25 10:44:31'),
	(79, 0, 9, 5, 5, 'Telecommunication Systems Engineer ', 'Two-Way Radio and Broadband Wireless Communications Systems, including P25 Land Mobile Radio (LMR) System and 4G LTE systems.\r\nIP based large scale network deployments, integration, operations and support.\r\nVoice (including voice messaging), video, and data communications systems, performance capabilities, and evaluative techniques used to determine telephone, video, and data communications service requirements.\r\nTrends and current developments in the wireless communications field, including methods, procedures, systems, and equipment.\r\nRules, codes, regulations, and laws applicable to the wireless telecommunications sector.\r\nRate structures and billing procedures of communications common carriers.\r\nReport preparation.', 'Design, plan, and specify a Wireless Communications System.\r\nPlan, coordinate, and track complex projects.\r\nCommunicate effectively orally and in writing.\r\nOperate a personal computer.', '/images/company-logo-01-2-150x150.png', '30000', '35000', 0, 0, 1, 0, 0, '2022-12-08', 0, 0, NULL, '2023-06-30 10:37:15', '2023-07-25 10:44:32'),
	(80, 0, 8, 5, 5, 'Telecommunication Systems Engineer ', 'Two-Way Radio and Broadband Wireless Communications Systems, including P25 Land Mobile Radio (LMR) System and 4G LTE systems.\r\nIP based large scale network deployments, integration, operations and support.\r\nVoice (including voice messaging), video, and data communications systems, performance capabilities, and evaluative techniques used to determine telephone, video, and data communications service requirements.\r\nTrends and current developments in the wireless communications field, including methods, procedures, systems, and equipment.\r\nRules, codes, regulations, and laws applicable to the wireless telecommunications sector.\r\nRate structures and billing procedures of communications common carriers.\r\nReport preparation.', 'Design, plan, and specify a Wireless Communications System.\r\nPlan, coordinate, and track complex projects.\r\nCommunicate effectively orally and in writing.\r\nOperate a personal computer.', '/images/company-logo-01-2-150x150.png', '30000', '35000', 1, 0, 0, 0, 1, '2022-12-08', 0, 0, NULL, '2023-06-30 10:37:15', '2023-07-25 10:44:23'),
	(81, 0, 8, 5, 5, 'Telecommunication Systems Engineer ', 'Two-Way Radio and Broadband Wireless Communications Systems, including P25 Land Mobile Radio (LMR) System and 4G LTE systems.\r\nIP based large scale network deployments, integration, operations and support.\r\nVoice (including voice messaging), video, and data communications systems, performance capabilities, and evaluative techniques used to determine telephone, video, and data communications service requirements.\r\nTrends and current developments in the wireless communications field, including methods, procedures, systems, and equipment.\r\nRules, codes, regulations, and laws applicable to the wireless telecommunications sector.\r\nRate structures and billing procedures of communications common carriers.\r\nReport preparation.', 'Design, plan, and specify a Wireless Communications System.\r\nPlan, coordinate, and track complex projects.\r\nCommunicate effectively orally and in writing.\r\nOperate a personal computer.', '/images/company-logo-01-2-150x150.png', '30000', '35000', 0, 1, 0, 0, 0, '2022-12-08', 0, 0, NULL, '2023-06-30 10:37:15', '2023-07-25 10:44:25'),
	(82, 0, 7, 4, 4, 'Head Of Commercial Contracts', 'Develop a strategic plan for the team at the outset to drive performance improvement and change;\r\nOffer expert insight into commercial contracts across the business, including the management of a wide variety of categories;\r\nSupport the contracting process for services delivered to external organisations;\r\nDevelop compliance and governance arrangements to minimize risk;\r\nDevelop contracting systems to ensure robust processes across the organisation;', 'This crucial role will be working closely with the Executive team as a key appointment, cementing their position as a leading Sussex business. You will play a vital role in supporting the future-proofing of the organisation, delivering value-for-money, strong long-term relationships and nullified risk.', '/images/placeholder.png', '20000', '30000', 1, 0, 1, 0, 0, '2023-12-21', 1, 0, NULL, '2023-06-30 10:33:38', '2023-07-25 10:44:19'),
	(83, 0, 7, 4, 4, 'Head Of Commercial Contracts', 'Develop a strategic plan for the team at the outset to drive performance improvement and change;\r\nOffer expert insight into commercial contracts across the business, including the management of a wide variety of categories;\r\nSupport the contracting process for services delivered to external organisations;\r\nDevelop compliance and governance arrangements to minimize risk;\r\nDevelop contracting systems to ensure robust processes across the organisation;', 'This crucial role will be working closely with the Executive team as a key appointment, cementing their position as a leading Sussex business. You will play a vital role in supporting the future-proofing of the organisation, delivering value-for-money, strong long-term relationships and nullified risk.', '/images/placeholder.png', '20000', '30000', 0, 0, 0, 0, 0, '2023-12-21', 1, 0, NULL, '2023-06-30 10:33:38', '2023-07-25 10:44:17'),
	(84, 0, 10, 4, 4, 'Head Of Commercial Contracts', 'Develop a strategic plan for the team at the outset to drive performance improvement and change;\r\nOffer expert insight into commercial contracts across the business, including the management of a wide variety of categories;\r\nSupport the contracting process for services delivered to external organisations;\r\nDevelop compliance and governance arrangements to minimize risk;\r\nDevelop contracting systems to ensure robust processes across the organisation;', 'This crucial role will be working closely with the Executive team as a key appointment, cementing their position as a leading Sussex business. You will play a vital role in supporting the future-proofing of the organisation, delivering value-for-money, strong long-term relationships and nullified risk.', '/images/placeholder.png', '20000', '30000', 1, 0, 0, 0, 1, '2023-12-21', 1, 0, NULL, '2023-06-30 10:33:38', '2023-07-25 10:48:27'),
	(85, 0, 10, 4, 4, 'Head Of Commercial Contracts', 'Develop a strategic plan for the team at the outset to drive performance improvement and change;\r\nOffer expert insight into commercial contracts across the business, including the management of a wide variety of categories;\r\nSupport the contracting process for services delivered to external organisations;\r\nDevelop compliance and governance arrangements to minimize risk;\r\nDevelop contracting systems to ensure robust processes across the organisation;', 'This crucial role will be working closely with the Executive team as a key appointment, cementing their position as a leading Sussex business. You will play a vital role in supporting the future-proofing of the organisation, delivering value-for-money, strong long-term relationships and nullified risk.', '/images/placeholder.png', '20000', '30000', 1, 0, 0, 0, 0, '2023-12-21', 1, 0, NULL, '2023-06-30 10:33:38', '2023-07-25 11:04:13'),
	(86, 0, 2, 4, 4, 'Head Of Commercial Contracts', 'Develop a strategic plan for the team at the outset to drive performance improvement and change;\r\nOffer expert insight into commercial contracts across the business, including the management of a wide variety of categories;\r\nSupport the contracting process for services delivered to external organisations;\r\nDevelop compliance and governance arrangements to minimize risk;\r\nDevelop contracting systems to ensure robust processes across the organisation;', 'This crucial role will be working closely with the Executive team as a key appointment, cementing their position as a leading Sussex business. You will play a vital role in supporting the future-proofing of the organisation, delivering value-for-money, strong long-term relationships and nullified risk.', '/images/placeholder.png', '20000', '30000', 0, 1, 0, 0, 0, '2023-12-21', 1, 0, NULL, '2023-06-30 10:33:38', '2023-07-07 17:11:13'),
	(87, 0, 2, 4, 4, 'Head Of Commercial Contracts', 'Develop a strategic plan for the team at the outset to drive performance improvement and change;\r\nOffer expert insight into commercial contracts across the business, including the management of a wide variety of categories;\r\nSupport the contracting process for services delivered to external organisations;\r\nDevelop compliance and governance arrangements to minimize risk;\r\nDevelop contracting systems to ensure robust processes across the organisation;', 'This crucial role will be working closely with the Executive team as a key appointment, cementing their position as a leading Sussex business. You will play a vital role in supporting the future-proofing of the organisation, delivering value-for-money, strong long-term relationships and nullified risk.', '/images/placeholder.png', '20000', '30000', 0, 0, 0, 1, 0, '2023-12-21', 1, 0, NULL, '2023-06-30 10:33:38', '2023-07-07 17:11:25'),
	(88, 0, 3, 4, 4, 'Head Of Commercial Contracts', 'Develop a strategic plan for the team at the outset to drive performance improvement and change;\r\nOffer expert insight into commercial contracts across the business, including the management of a wide variety of categories;\r\nSupport the contracting process for services delivered to external organisations;\r\nDevelop compliance and governance arrangements to minimize risk;\r\nDevelop contracting systems to ensure robust processes across the organisation;', 'This crucial role will be working closely with the Executive team as a key appointment, cementing their position as a leading Sussex business. You will play a vital role in supporting the future-proofing of the organisation, delivering value-for-money, strong long-term relationships and nullified risk.', '/images/placeholder.png', '20000', '30000', 1, 0, 0, 0, 0, '2023-12-21', 1, 0, NULL, '2023-06-30 10:33:38', '2023-07-25 10:44:06'),
	(89, 0, 3, 4, 4, 'Head Of Commercial Contracts', 'Develop a strategic plan for the team at the outset to drive performance improvement and change;\r\nOffer expert insight into commercial contracts across the business, including the management of a wide variety of categories;\r\nSupport the contracting process for services delivered to external organisations;\r\nDevelop compliance and governance arrangements to minimize risk;\r\nDevelop contracting systems to ensure robust processes across the organisation;', 'This crucial role will be working closely with the Executive team as a key appointment, cementing their position as a leading Sussex business. You will play a vital role in supporting the future-proofing of the organisation, delivering value-for-money, strong long-term relationships and nullified risk.', '/images/placeholder.png', '20000', '30000', 1, 0, 0, 0, 0, '2023-12-21', 1, 0, NULL, '2023-06-30 10:33:38', '2023-07-25 10:44:01'),
	(90, 0, 4, 3, 3, 'Grader Operator', 'Take action to avoid potential hazards and obstructions, such as utility lines, other equipment, other workers, and falling objects.\r\nStart engines, move throttles, switches, and levers, and depress pedals to operate such stated machines\r\nAlign machines with reference stakes and guidelines or ground or position equipment, following hand signals of other workers.\r\nLoad and move dirt, rocks, equipment, and materials, using trucks, crawler tractors, shovels, graders, or related equipment.\r\nCoordinate machine actions with other activities, positioning or moving loads in response to hand or audio signals from crew members', 'Must have minimum of 3 years experience running, maneuvering, driving, and navigating equipment such as bulldozer, excavators, rollers, and front-end loaders.\r\nStrongly prefer candidates with High School Diploma\r\nMust be able to communicate with others to convey information effectively.\r\nMust be accustomed to working outdoors with exposure to all weather conditions\r\nMust be able to perform physical activities that require considerable use of your arms and legs and moving your whole body, such as climbing, lifting, balancing, walking, stooping, and handling of materials\r\nMust be knowledgeable of safety procedures and practices', '/images/placeholder.png', '30000', '38000', 0, 1, 0, 0, 0, '2024-05-04', 1, 0, NULL, '2023-06-30 10:26:26', '2023-06-30 10:26:26'),
	(91, 0, 4, 3, 3, 'Grader Operator', 'Take action to avoid potential hazards and obstructions, such as utility lines, other equipment, other workers, and falling objects.\r\nStart engines, move throttles, switches, and levers, and depress pedals to operate such stated machines\r\nAlign machines with reference stakes and guidelines or ground or position equipment, following hand signals of other workers.\r\nLoad and move dirt, rocks, equipment, and materials, using trucks, crawler tractors, shovels, graders, or related equipment.\r\nCoordinate machine actions with other activities, positioning or moving loads in response to hand or audio signals from crew members', 'Must have minimum of 3 years experience running, maneuvering, driving, and navigating equipment such as bulldozer, excavators, rollers, and front-end loaders.\r\nStrongly prefer candidates with High School Diploma\r\nMust be able to communicate with others to convey information effectively.\r\nMust be accustomed to working outdoors with exposure to all weather conditions\r\nMust be able to perform physical activities that require considerable use of your arms and legs and moving your whole body, such as climbing, lifting, balancing, walking, stooping, and handling of materials\r\nMust be knowledgeable of safety procedures and practices', '/images/placeholder.png', '30000', '38000', 0, 1, 1, 0, 1, '2024-05-04', 1, 0, NULL, '2023-06-30 10:26:26', '2023-07-07 17:11:01'),
	(92, 1, 2, 9, 4, 'Information Technology', 'Take action to avoid potential hazards and obstructions, such as utility lines, other equipment, other workers, and falling objects.\r\nStart engines, move throttles, switches, and levers, and depress pedals to operate such stated machines\r\nAlign machines with reference stakes and guidelines or ground or position equipment, following hand signals of other workers.\r\nLoad and move dirt, rocks, equipment, and materials, using trucks, crawler tractors, shovels, graders, or related equipment.\r\nCoordinate machine actions with other activities, positioning or moving loads in response to hand or audio signals from crew members', 'Must have minimum of 3 years experience running, maneuvering, driving, and navigating equipment such as bulldozer, excavators, rollers, and front-end loaders.\r\nStrongly prefer candidates with High School Diploma\r\nMust be able to communicate with others to convey information effectively.\r\nMust be accustomed to working outdoors with exposure to all weather conditions\r\nMust be able to perform physical activities that require considerable use of your arms and legs and moving your whole body, such as climbing, lifting, balancing, walking, stooping, and handling of materials\r\nMust be knowledgeable of safety procedures and practices', '/images/placeholder.png', '25000', '35000', 0, 0, 1, 0, 0, '2026-07-25', 0, 8, 'Information Technology\r\n', '2023-07-25 08:24:27', '2023-08-02 05:06:25'),
	(94, 1, 2, 1, 3, 'Hướng dẫn viên du lịch', 'Take action to avoid potential hazards and obstructions, such as utility lines, other equipment, other workers, and falling objects.\r\nStart engines, move throttles, switches, and levers, and depress pedals to operate such stated machines\r\nAlign machines with reference stakes and guidelines or ground or position equipment, following hand signals of other workers.\r\nLoad and move dirt, rocks, equipment, and materials, using trucks, crawler tractors, shovels, graders, or related equipment.\r\nCoordinate machine actions with other activities, positioning or moving loads in response to hand or audio signals from crew members', 'Must have minimum of 3 years experience running, maneuvering, driving, and navigating equipment such as bulldozer, excavators, rollers, and front-end loaders.\r\nStrongly prefer candidates with High School Diploma\r\nMust be able to communicate with others to convey information effectively.\r\nMust be accustomed to working outdoors with exposure to all weather conditions\r\nMust be able to perform physical activities that require considerable use of your arms and legs and moving your whole body, such as climbing, lifting, balancing, walking, stooping, and handling of materials\r\nMust be knowledgeable of safety procedures and practices', '/images/company-logo-01-2-150x150.png', '10000', '15000', 1, 0, 0, 0, 1, '2024-12-27', 0, 8, 'hi', '2023-07-25 09:01:55', '2023-08-02 09:26:13');
/*!40000 ALTER TABLE `jobs` ENABLE KEYS */;

-- Dumping structure for table viec_lam_vn.message
CREATE TABLE IF NOT EXISTS `message` (
  `id` int NOT NULL AUTO_INCREMENT,
  `chat_id` int DEFAULT '0',
  `send_from` tinyint DEFAULT '1' COMMENT '1: candidate gui; 2: employer gui',
  `is_read` tinyint DEFAULT '0',
  `content` text CHARACTER SET utf8mb4 COLLATE utf8mb4_unicode_ci,
  `created_at` timestamp NULL DEFAULT NULL,
  PRIMARY KEY (`id`)
) ENGINE=MyISAM AUTO_INCREMENT=57 DEFAULT CHARSET=utf8mb4 COLLATE=utf8mb4_unicode_ci;

-- Dumping data for table viec_lam_vn.message: 10 rows
DELETE FROM `message`;
/*!40000 ALTER TABLE `message` DISABLE KEYS */;
INSERT INTO `message` (`id`, `chat_id`, `send_from`, `is_read`, `content`, `created_at`) VALUES
	(1, 1, 1, 1, NULL, '2023-08-04 10:21:55'),
	(54, 1, 1, 1, 'chao buoi sang', '2023-08-04 14:01:06'),
	(55, 1, 1, 1, 'hi', '2023-08-04 14:06:04'),
	(56, 1, 2, 1, 'hì hì', '2023-08-04 14:06:12'),
	(23, 1, 2, 1, NULL, '2023-08-04 10:21:55'),
	(53, 1, 1, 1, 'xin chao', '2023-08-04 14:01:03'),
	(52, 1, 1, 1, 'hello', '2023-08-04 14:00:59'),
	(51, 1, 1, 1, 'nguoi gui nam ben trai', '2023-08-04 14:00:00'),
	(50, 1, 1, 1, 'xin chao employer', '2023-08-04 13:59:39'),
	(49, 1, 2, 1, 'xin chao candidate', '2023-08-04 13:59:31');
/*!40000 ALTER TABLE `message` ENABLE KEYS */;

-- Dumping structure for table viec_lam_vn.skills
CREATE TABLE IF NOT EXISTS `skills` (
  `id` int NOT NULL AUTO_INCREMENT,
  `user_id` int DEFAULT '0',
  `t_anh` tinyint DEFAULT '0',
  `t_trung` tinyint DEFAULT '0',
  `excel` tinyint DEFAULT '0',
  `word` tinyint DEFAULT '0',
  `career_goals` longtext COLLATE utf8mb4_unicode_ci,
  `created_at` timestamp NULL DEFAULT NULL,
  `updated_at` timestamp NULL DEFAULT NULL ON UPDATE CURRENT_TIMESTAMP,
  PRIMARY KEY (`id`)
) ENGINE=MyISAM AUTO_INCREMENT=3 DEFAULT CHARSET=utf8mb4 COLLATE=utf8mb4_unicode_ci;

-- Dumping data for table viec_lam_vn.skills: 2 rows
DELETE FROM `skills`;
/*!40000 ALTER TABLE `skills` DISABLE KEYS */;
INSERT INTO `skills` (`id`, `user_id`, `t_anh`, `t_trung`, `excel`, `word`, `career_goals`, `created_at`, `updated_at`) VALUES
	(1, 8, 25, 23, 23, 23, 'Lorem ipsum dolor sit amet consectetur, adipisicing elit. Veniam, molestiae nostrum aperiam dignissimos deleniti accusantium! Lorem ipsum dolor sit amet consectetur, adipisicing elit. Veniam, molestiae nostrum aperiam dignissimos deleniti accusantium! Lorem ipsum dolor sit amet consectetur, adipisicing elit. Veniam, molestiae nostrum aperiam dignissimos deleniti accusantium!', '2023-07-22 09:01:05', '2023-07-22 09:04:24'),
	(2, 6, 70, 50, 80, 100, 'Lorem Ipsum is a placeholder text commonly used in the printing and typesetting industry. It has no meaningful content and is used as a temporary filler when designing or laying out documents, websites, or other visual media. The purpose of Lorem Ipsum is to demonstrate ', '2023-07-31 08:38:10', '2023-07-31 08:38:10');
/*!40000 ALTER TABLE `skills` ENABLE KEYS */;

-- Dumping structure for table viec_lam_vn.users
CREATE TABLE IF NOT EXISTS `users` (
  `id` int NOT NULL AUTO_INCREMENT,
  `city_id` int NOT NULL DEFAULT '0',
  `category_id` int NOT NULL DEFAULT '0',
  `candidate` tinyint DEFAULT '0',
  `employer` tinyint DEFAULT '0',
  `admin_login` tinyint DEFAULT '0',
  `name` varchar(255) CHARACTER SET utf8mb4 COLLATE utf8mb4_unicode_ci DEFAULT NULL,
  `phone` varchar(255) COLLATE utf8mb4_unicode_ci DEFAULT NULL,
  `about_me` text COLLATE utf8mb4_unicode_ci,
  `avatar` varchar(255) COLLATE utf8mb4_unicode_ci DEFAULT NULL,
  `user_email` varchar(255) CHARACTER SET utf8mb4 COLLATE utf8mb4_unicode_ci DEFAULT NULL,
  `user_password` varchar(255) CHARACTER SET utf8mb4 COLLATE utf8mb4_unicode_ci DEFAULT NULL,
  `profession` varchar(255) COLLATE utf8mb4_unicode_ci DEFAULT NULL,
  `skills` varchar(255) COLLATE utf8mb4_unicode_ci DEFAULT NULL,
  `birthday` varchar(50) COLLATE utf8mb4_unicode_ci DEFAULT NULL,
  `male_female` varchar(50) COLLATE utf8mb4_unicode_ci DEFAULT NULL,
  `content` text COLLATE utf8mb4_unicode_ci,
  `is_update` tinyint DEFAULT '0',
  `created_at` timestamp NULL DEFAULT NULL,
  `updated_at` timestamp NULL DEFAULT NULL ON UPDATE CURRENT_TIMESTAMP,
  PRIMARY KEY (`id`)
) ENGINE=MyISAM AUTO_INCREMENT=13 DEFAULT CHARSET=utf8mb4 COLLATE=utf8mb4_unicode_ci;

-- Dumping data for table viec_lam_vn.users: 5 rows
DELETE FROM `users`;
/*!40000 ALTER TABLE `users` DISABLE KEYS */;
INSERT INTO `users` (`id`, `city_id`, `category_id`, `candidate`, `employer`, `admin_login`, `name`, `phone`, `about_me`, `avatar`, `user_email`, `user_password`, `profession`, `skills`, `birthday`, `male_female`, `content`, `is_update`, `created_at`, `updated_at`) VALUES
	(1, 3, 3, 0, 1, 0, 'Lê Huy Hiệu', '01234567890', 'Developer', '/images/avatar-03.png', 'lehuyhieu.dev.fontend@gmail.com', '4297f44b13955235245b2497399d7a93', 'deverloper', 'frontend', '2003-10-13', 'Nam', '<p>hello</p>', 1, '2023-07-09 10:34:41', '2023-07-22 15:07:13'),
	(2, 0, 0, 0, 0, 1, 'admin', NULL, NULL, NULL, 'admin@gmail.com', '4297f44b13955235245b2497399d7a93', NULL, NULL, NULL, NULL, NULL, 0, NULL, '2023-07-14 08:59:21'),
	(6, 2, 8, 1, 0, 0, 'Hieu Le', '0123456789', 'hello', '/images/avatar-03.png', 'le5745500@gmail.com', '4297f44b13955235245b2497399d7a93', 'Web Design', 'frontend', NULL, NULL, '<h2 style="margin-bottom: 10px; line-height: 24px;"><font color="#000000" face="DauphinPlain"><span style="font-size: 24px;">Lorem ipsum dolor sit amet consectetur adipisicing elit. At fugiat, quidem minima ad dolore aliquam culpa modi? Voluptatum, debitis. Labore distinctio consequatur vel voluptatum, quos magni commodi nesciunt esse nihil?</span></font><br></h2>', 0, '2023-07-14 07:34:10', '2023-07-31 08:33:08'),
	(8, 4, 4, 1, 0, 0, 'Hieu Le 02', '0386208003', 'Xin chào tôi là Lê Huy Hiệu\r\nSinh ngày 29/10/2004\r\nHọc trường Cao Đẳng Công Nghệ Thông Tin TP.Hồ Chí Minh', '/images/avatar-01.png', 'leh55279@gmail.com', '4297f44b13955235245b2497399d7a93', 'Deverloper', 'Back End', '2004-10-29', 'Nam', '<p>hello</p>', 1, '2023-07-14 12:55:28', '2023-08-02 11:22:56'),
	(9, 0, 0, 1, 0, 0, 'Lê Huy Hiệu 02', '0123456789', 'hello', '/images/banner_bg.jpg', 'lehuyhieupro06182@gmail.com', '4297f44b13955235245b2497399d7a93', NULL, NULL, NULL, NULL, NULL, 1, '2023-07-14 14:16:03', '2023-08-02 11:23:18');
/*!40000 ALTER TABLE `users` ENABLE KEYS */;

/*!40103 SET TIME_ZONE=IFNULL(@OLD_TIME_ZONE, 'system') */;
/*!40101 SET SQL_MODE=IFNULL(@OLD_SQL_MODE, '') */;
/*!40014 SET FOREIGN_KEY_CHECKS=IFNULL(@OLD_FOREIGN_KEY_CHECKS, 1) */;
/*!40101 SET CHARACTER_SET_CLIENT=@OLD_CHARACTER_SET_CLIENT */;
/*!40111 SET SQL_NOTES=IFNULL(@OLD_SQL_NOTES, 1) */;
